ID	STRUCTURE	FREQUENCY	Apuri	Apurimac	Atalla	Ayacucho	Azuay	Chachapoyas	Chetilla	Huallaga	Huangascar	HuarazHuailas	Imbabura	Inkawasi	Jauja	Maragua	Napo	Pacaraos	Puno	Santiagueno	Yanac	COGNATESETS	CONCEPTS
45-3	V	3	Ø	e	Ø	Ø	i	i	u	a	Ø	a	i	u	Ø	i	i	Ø	i	e	a	65:3, 109:1, 434:3	hear, to / left (hand side) / root
38-2	V	2	Ø	Ø	Ø	Ø	Ø	Ø	a	aː	Ø	aː	Ø	a	aː	Ø	Ø	aː	Ø	Ø	aː	34:1, 479:1	fly, to / road
103-1	V	1	Ø	o	u	o	u	u	o	u	o	o	u	Ø	u	u	u	u	u	o	u	328:1	heart
137-1	V	1	Ø	ui	Ø	ui	a	a	Ø	Ø	Ø	Ø	a	Ø	Ø	ui	a	Ø	ui	a	Ø	506:4	small
229-1	V	1	Ø	i	i	e	i	i	Ø	Ø	Ø	Ø	i	Ø	Ø	i	i	Ø	i	ɪ	Ø	851:1	yellow
234-1	V	1	Ø	Ø	Ø	Ø	Ø	Ø	Ø	au	Ø	au	Ø	Ø	au	Ø	Ø	au	Ø	Ø	au	871:0	old (man)
2-80	V	80	u	u	u	u	u	u	u	u	u	u	u	u	u	u	u	u	u	u	u	2:0, 147:3, 189:3, 233:1, 303:1, 309:0, 548:1, 554:1, 581:1, 581:3, 590:1, 655:4, 680:1, 709:1, 729:1, 759:3, 761:3, 798:1, 75:1, 490:0, 733:1, 828:1, 828:3, 550:1, 550:3, 535:0, 535:2, 697:1, 697:3, 68:1, 68:4, 821:1, 821:3, 215:1, 215:4, 204:0, 204:3, 84:1, 84:3, 324:1, 324:3, 148:1, 148:3, 182:1, 182:3, 578:1, 578:3, 496:1, 496:3, 174:1, 174:4, 381:3, 725:4, 536:0, 536:2, 4:1, 30:0, 94:1, 114:0, 124:3, 213:3, 286:1, 308:1, 319:0, 335:3, 453:1, 507:1, 559:1, 577:3, 597:1, 607:3, 635:3, 718:1, 737:1, 754:3, 767:1, 777:1, 848:1, 851:3, 875:1	ash / big / bird / bone / breast / cloud / day / drink, to / egg / eight / elbow / empty / face / far (away) / fingernail / flower / fly, to / forehead / four / full / hair / happy (be) / head / hear, to / high up / horn / leaf / louse / man SW person / mouse / name / navel / neck / night / old (man) / old (woman) / one / push, to / red / river / sand / seed / shadow / sleep, to / stone / suck, to / sun / swim, to / tail / ten / think (over, about), to / tire / tongue / tooth / tree / walk, to / water / white / worm / yellow
24-5	V	5	u	o	u	o	u	u	u	i	u	o	u	Ø	u	u	u	u	u	o	u	512:0, 512:2, 532:3, 685:1, 874:3	be sick / mountain / small / smoke
9-4	V	4	u	u	u	u	a	u	u	u	u	u	a	u	u	u	a	u	u	u	u	12:3, 57:3, 680:3, 860:3	come, to / die, to / eat, to / sleep, to
135-3	V	3	u	u	u	u	u	u	u	a	u	u	u	a	u	u	i	oː	u	u	o	506:0, 704:3, 705:1	small / star
106-2	V	2	u	o	u	o	u	u	o	u	u	u	u	u	u	u	u	u	u	o	u	328:4, 713:3	heart / suck, to
141-2	V	2	u	o	u	o	u	u	u	u	u	u	u	u	u	u	u	o	u	o	u	514:1, 567:3	nine / smoke
153-1	V	1	u	o	u	o	u	u	u	u	u	u	u	u	u	u	u	u	u	o	u	557:1	new
199-1	V	1	u	Ø	u	Ø	Ø	Ø	u	Ø	u	Ø	u	Ø	Ø	Ø	Ø	o	Ø	Ø	o	705:5	star
214-1	V	1	u	o	u	u	u	u	u	u	u	u	Ø	Ø	u	Ø	u	u	u	u	u	781:1	brother (man's) / brother (woman's)
196-1	V	1	oi	Ø	Ø	oi	ui	Ø	Ø	ui	Ø	ai	Ø	u	ui	Ø	Ø	Ø	Ø	o	Ø	704:1	star
23-13	V	13	o	o	u	o	u	u	u	u	o	u	u	u	u	u	u	o	u	o	u	400:1, 400:3, 19:3, 212:1, 243:1, 268:1, 276:4, 434:1, 499:3, 532:0, 636:2, 783:1, 874:0	be sick / bird / dog / elbow / give, to / grass / knee / left (hand side) / man SW adult, male / mountain / sand / suck, to / warm / hot SW
85-6	V	6	o	o	u	o	u	u	u	u	o	o	u	u	u	u	u	o	u	o	u	260:1, 399:1, 435:2, 557:3, 700:1, 791:1	gold / knee / left (hand side) / new / spit, to / we (inclusive)
90-3	V	3	o	o	Ø	u	u	u	u	u	o	o	u	u	u	u	u	u	u	o	u	279:1, 399:4, 499:0	green / knee / man SW adult, male
164-2	V	2	o	o	u	o	o	u	u	u	o	o	u	o	u	u	u	o	u	o	u	608:2, 673:1	river / six
76-1	V	1	o	o	u	o	Ø	u	o	u	o	o	Ø	Ø	u	u	Ø	o	u	o	u	224:2	fox
115-1	V	1	o	o	u	o	u	u	u	u	o	o	u	u	u	u	au	o	u	o	u	389:1	husband
202-1	V	1	o	Ø	u	o	Ø	u	Ø	u	o	o	Ø	u	o	Ø	Ø	o	Ø	Ø	u	713:1	suck, to
3-59	V	59	i	i	i	i	i	i	i	i	i	i	i	i	i	i	i	i	i	i	i	57:1, 104:3, 147:1, 153:1, 295:3, 527:1, 543:1, 543:3, 548:3, 632:3, 750:1, 761:1, 764:3, 774:0, 794:0, 822:4, 48:1, 48:4, 640:1, 162:1, 721:1, 721:4, 717:0, 717:3, 852:1, 852:3, 755:1, 755:3, 456:1, 456:4, 34:3, 65:1, 83:1, 135:1, 166:1, 170:1, 180:1, 202:3, 260:3, 276:1, 282:1, 362:1, 435:0, 470:1, 479:3, 496:5, 498:3, 521:1, 608:1, 616:3, 635:1, 647:4, 685:4, 691:1, 791:6, 810:1, 837:1, 871:2, 872:3	belly (stomach) / bird / branch / cold / ear / eat, to / elbow / eye / face / fat (grease) / fingernail / fire / five / flower / fly, to / foot / forehead / gold / green / hand / hear, to / high up / leaf / left (hand side) / lip / man SW adult, male / moon / mountain / mouth / name / old (man) / river / road / root / salt / sand / see, to / seven / sew, to / smoke / speak, to / sun / sweet / three / tire / tooth / two / we (inclusive) / what? / wing / woman / young (female)
82-3	V	3	i	i	i	i	i	i	i	e	i	i	i	i	i	i	i	i	i	iː	Ø	251:1, 281:4, 668:1	go, to / green / sit, to
113-3	V	3	i	i	i	i	a	i	i	i	i	i	a	i	i	i	a	i	i	iː	i	373:3, 416:2, 777:3	bite, to / laugh, to / walk, to
121-2	V	2	i	a	a	a	a	a	a	a	a	a	a	a	a	Ø	a	a	Ø	u	a	424:4, 441:1	leaf / leg / wing
136-2	V	2	i	-	i	-	i	ui	e	Ø	i	Ø	i	Ø	Ø	-	i	e	-	u	eː	506:2, 705:3	small / star
188-2	V	2	i	i	i	i	u	u	u	u	i	Ø	u	u	u	i	u	u	i	Ø	Ø	696:1, 783:3	breast / suck, to / warm / hot SW
189-2	V	2	i	Ø	Ø	Ø	a	u	u	u	i	u	u	-	u	Ø	u	u	Ø	Ø	u	696:3, 848:3	breast / cloud / suck, to
41-1	V	1	i	i	i	i	a	i	i	i	i	i	a	i	i	i	a	i	i	i	i	40:3	dry
97-1	V	1	i	a	i	i	u	i	i	i	i	i	a	i	a	i	i	u	i	i	i	303:3	happy (be)
176-1	V	1	i	i	i	i	i	i	i	Ø	i	Ø	i	i	Ø	i	i	Ø	i	e	Ø	652:1	sew, to
182-1	V	1	i	a	i	i	i	i	i	i	i	i	Ø	Ø	i	Ø	i	i	a	a	i	660:3	sister (man's)
200-1	V	1	i	i	i	i	i	i	i	i	i	i	i	i	i	i	i	ai	i	i	i	709:3	stone
206-1	V	1	i	e	i	e	i	i	Ø	i	i	i	i	Ø	i	Ø	i	e	Ø	ɪ	i	740:3	brother (man's)
215-1	V	1	i	ai	i	i	i	i	i	i	i	i	Ø	Ø	i	Ø	i	i	a	a	i	781:3	brother (man's) / brother (woman's)
224-1	V	1	i	i	i	i	i	i	i	i	i	i	i	i	i	i	Ø	iː	i	i	i	801:1	who?
26-4	V	4	e	Ø	Ø	Ø	i	i	i	e	e	e	i	i	i	Ø	i	e	e	Ø	e	602:1, 602:3, 197:1, 281:1	grass / green / right (hand side)
30-2	V	2	e	Ø	i	e	a	i	i	i	e	i	i	i	i	Ø	a	e	Ø	Ø	i	3:1, 601:2	be sick / right (hand side)
91-2	V	2	e	i	i	i	i	i	i	i	e	i	i	Ø	i	i	i	i	i	e	i	279:3, 567:0	green / nine
72-1	V	1	e	Ø	Ø	Ø	Ø	Ø	i	i	e	e	Ø	i	Ø	Ø	Ø	e	Ø	Ø	Ø	213:1	tree
157-1	V	1	e	e	i	e	i	i	i	i	e	e	i	i	i	i	i	i	i	e	i	571:1	nose
131-2	V	2	au	au	au	au	au	au	au	au	au	au	au	au	au	au	au	au	au	au	oː	482:1, 740:1	brother (man's) / live, to
239-1	V	1	au	au	au	au	a	au	au	Ø	au	Ø	a	Ø	-	ai	a	Ø	ai	au	Ø	875:4	day
17-10	V	10	ai	ai	ai	ai	ai	ai	ai	ai	ai	ai	ai	ai	ai	ai	ai	ai	ai	ai	eː	522:0, 774:3, 172:1, 718:3, 724:1, 746:1, 754:1, 806:1, 843:1, 848:5	cloud / flower / meat SW flesh / sun / swim, to / this / tire / two / wind / young (male)
99-3	V	3	ai	u	a	a	u	a	a	a	ai	a	u	a	a	Ø	u	a	ai	a	Ø	308:3, 359:3, 362:3	high up / seed
54-1	V	1	ai	Ø	Ø	Ø	Ø	Ø	Ø	a	ai	ai	Ø	Ø	ai	Ø	Ø	Ø	Ø	Ø	eː	101:0	go, to
230-1	V	1	ai	Ø	Ø	Ø	Ø	Ø	Ø	Ø	ai	ai	Ø	Ø	a	Ø	Ø	ai	Ø	Ø	a	853:4	cold
1-168	V	168	a	a	a	a	a	a	a	a	a	a	a	a	a	a	a	a	a	a	a	2:3, 12:1, 19:0, 40:1, 104:1, 153:3, 189:1, 295:1, 309:2, 339:1, 339:3, 348:1, 389:3, 409:1, 409:3, 416:0, 467:1, 467:3, 522:2, 527:3, 554:4, 571:4, 574:1, 574:3, 624:4, 632:1, 655:1, 658:1, 658:4, 729:3, 748:1, 750:4, 759:1, 764:1, 794:2, 798:3, 822:1, 869:1, 75:3, 162:4, 490:2, 673:4, 733:4, 830:1, 830:3, 677:1, 677:3, 860:1, 597:3, 665:1, 665:3, 515:0, 515:3, 380:1, 380:4, 482:3, 559:3, 593:1, 593:4, 615:1, 615:3, 287:0, 287:3, 594:1, 594:4, 256:1, 256:3, 371:1, 371:3, 834:1, 834:4, 862:1, 862:4, 3:4, 85:1, 85:3, 369:1, 369:3, 587:1, 587:3, 692:1, 692:4, 381:1, 425:1, 425:4, 725:1, 725:6, 588:1, 588:4, 621:1, 621:4, 738:1, 738:4, 766:1, 766:3, 36:1, 36:3, 521:3, 102:1, 102:4, 132:1, 132:3, 787:1, 787:4, 113:1, 113:4, 334:0, 334:2, 459:1, 459:6, 206:1, 206:4, 372:1, 372:4, 841:1, 841:4, 4:3, 30:3, 83:4, 94:3, 101:2, 109:3, 114:2, 124:1, 135:3, 166:4, 170:3, 172:3, 180:3, 197:3, 202:1, 212:4, 224:0, 268:3, 282:4, 286:4, 335:1, 359:1, 373:1, 424:1, 441:4, 449:4, 453:4, 470:4, 498:1, 507:3, 535:4, 577:1, 601:0, 602:5, 607:1, 610:1, 636:0, 647:1, 652:3, 660:1, 691:3, 700:3, 724:3, 737:3, 767:3, 791:3, 806:3, 816:1, 837:3, 843:3, 853:0, 872:1	ash / back / be sick / belly (stomach) / big / bite, to / black / branch / bread / brother (man's) / cold / come, to / cry, to / day / die, to / dog / drink, to / dry / eight / empty / eye / face / far (away) / fat (grease) / fire / five / flower / fly, to / foot / forehead / fox / go, to / grass / green / hair / hand / head / heavy / hide, to / high up / hit, to / horn / husband / know, to / laugh, to / leaf / leg / lick, to / light (not heavy) / lip / live, to / louse / man SW adult, male / man SW person / many / meat SW flesh / moon / mountain / mouse / neck / night / nose / not / old (man) / old (woman) / push, to / rain / red / right (hand side) / river / road / root / rope / salt / sand / seven / sew, to / shadow / sister (man's) / sister (woman's) / six / skin / small / speak, to / spit, to / suck, to / swim, to / tail / ten / think (over, about), to / thou (you sg.) / three / tongue / tree / water / we (inclusive) / what? / white / wind / wing / with / woman / year / yellow / young (female) / young (male)
65-4	V	4	a	a	a	a	a	a	a	a	a	a	a	a	a	a	Ø	a	a	aː	a	183:1, 214:1, 537:1, 641:1	blood / fly, to / four / see, to
67-4	V	4	a	a	a	a	a	a	a	a	a	a	a	a	a	a	Ø	a	a	-	a	183:3, 214:3, 537:3, 641:3	blood / fly, to / four / see, to
102-2	V	2	a	Ø	i	i	a	Ø	a	Ø	a	aː	a	a	a	i	a	a	i	iː	a	319:4, 853:2	cold / hear, to
193-2	V	2	a	a	a	a	a	a	a	a	a	aː	a	a	a	a	a	aː	a	a	aː	701:1, 755:5	stand, to / tire
80-1	V	1	a	a	a	a	a	a	a	a	a	ai	a	a	a	a	a	a	a	a	a	233:4	full
109-1	V	1	a	a	a	a	a	a	a	a	a	aː	a	a	a	a	a	a	a	a	a	348:3	hide, to
126-1	V	1	a	a	a	a	a	a	a	a	a	a	Ø	a	a	a	au	a	a	a	a	449:1	lick, to
143-1	V	1	a	Ø	Ø	Ø	Ø	Ø	ai	ai	a	Ø	Ø	ai	ai	Ø	Ø	ai	Ø	Ø	e	514:4	smoke
166-1	V	1	a	a	a	a	a	a	Ø	a	a	i	a	Ø	i	a	Ø	a	a	a	Ø	616:1	root
169-1	V	1	a	a	a	a	a	a	a	a	a	a	a	a	a	a	a	a	i	a	a	624:1	rope
173-1	V	1	a	u	u	u	a	u	a	a	a	a	a	a	a	u	a	a	u	Ø	a	640:3	see, to
183-1	V	1	a	a	a	a	a	a	a	Ø	a	Ø	a	Ø	u	a	a	Ø	a	u	Ø	668:3	sit, to
195-1	V	1	a	a	a	a	a	a	a	a	i	u	a	a	Ø	a	a	Ø	a	a	-	701:3	stand, to
226-1	V	1	a	Ø	Ø	Ø	u	a	a	Ø	a	a	u	a	Ø	a	a	Ø	a	a	Ø	810:4	branch / elbow / wing
233-1	V	1	a	a	a	a	a	a	a	a	a	ai	a	a	ai	a	a	a	a	ai	a	869:3	cry, to
100-2	V	2	-	-	a	a	a	Ø	-	Ø	-	Ø	a	-	-	a	a	-	a	a	Ø	319:2, 459:4	hear, to / light (not heavy)
119-1	V	1	-	Ø	Ø	Ø	i	i	i	-	-	-	i	i	-	Ø	i	-	i	i	i	399:6	knee
14-4	C	4	ʎ	ʎ	ʎ	ʎ	ʎ	dʑ	dʒ	ʎ	ʎ	ʎ	ʎ	ʒ	ʎ	ʎ	ʎ	l	ʎ	ʒ	ʎ	147:2, 581:2, 434:0, 851:2	bone / fingernail / left (hand side) / yellow
57-3	C	3	ʎ	ʎ	ʎ	ʎ	ʎ	dʑ	ʎ	ʎ	ʎ	ʎ	ʎ	ʒ	ʎ	ʎ	ʎ	l	ʎ	ʒ	ʎ	113:3, 499:1, 655:0	face / man SW adult, male / shadow
34-1	C	1	ʎ	ʎ	ʎ	ʎ	ʎ	dʑ	tʃ	ʎ	ʎ	ʎ	ʎ	ʒ	ʎ	l	ʎ	l	l	ʒ	ʎ	19:1	dog
107-1	C	1	ʎ	ʎ	ʎ	ʎ	ʎ	dʑ	ʎ	l	ʎ	l	ʎ	ʒ	ʎ	ʎ	ʎ	l	ʎ	l	l	339:0	heavy
125-1	C	1	ʎ	ʎ	ʎ	ʎ	ʎ	dʑ	ʎ	ʎ	ʎ	l	Ø	ʒ	ʎ	ʎ	ʎ	l	ʎ	ʒ	l	449:0	lick, to
148-1	C	1	ʎ	ʎ	ʎ	ʎ	ʎ	dʑ	dʑ	ʎ	ʎ	ʎ	ʎ	ʒ	ʎ	ʎ	ʎ	l	ʎ	ʒ	ʎ	527:2	moon
162-1	C	1	ʎ	Ø	ʎ	ʎ	ʎ	dʑ	dʒ	Ø	ʎ	Ø	l	dʒ	Ø	Ø	l	Ø	Ø	Ø	Ø	601:1	right (hand side)
197-1	C	1	ʎ	Ø	Ø	ʎ	ʎ	Ø	Ø	ʎ	Ø	ʎ	Ø	j	ʎ	Ø	Ø	Ø	Ø	ʒ	Ø	704:2	star
212-1	C	1	ʎ	ʎ	ʎ	ʎ	ʎ	dʑ	dʑ	ʎ	ʎ	ʎ	ʎ	dʒ	ʎ	ʎ	ʎ	ʎ	ʎ	ʒ	ʎ	759:2	tongue
172-1	C	1	ʈʂ	tʃ	tʃ	tʃ	tʃ	ʈʂ	ʈʂ	tʃ	ʈʂ	tʃ	tʃ	ʈʂ	ʈʂ	tʃ	tʃ	ʈʂ	tʃ	tʃ	ʈʂ	632:2	salt
12-10	C	10	ʈ	tʃ	tʃ	tʃ	tʃ	ʈʂ	ʈʂ	tʃ	ʈ	tʃ	tʃ	ʈʂ	ʈʂ	tʃ	tʃ	ʈʂ	tʃ	tʃ	ʈʂ	409:2, 729:0, 764:0, 84:2, 109:0, 206:3, 381:2, 441:0, 496:4, 733:0	elbow / foot / forehead / horn / know, to / leg / root / tail / ten
111-2	C	2	ʈ	Ø	Ø	Ø	Ø	Ø	Ø	tʃ	ʈ	Ø	Ø	Ø	tʃ	Ø	Ø	Ø	tʃ	Ø	tʃ	362:2, 602:4	high up / right (hand side)
27-1	C	1	ʈ	s	tʃ	tʃ	tʃ	ʈʂ	ʂ	tʃ	ʈ	tʃ	tʃ	ʈʂ	ʈʂ	ʃ	ʃ	ʈʂ	s	ʃ	tʃ	2:1	ash
238-1	C	1	ʈ	tʃ	tʃ	tʃ	ʒ	tʃ	dʒ	Ø	ʈ	Ø	tʃ	Ø	-	tʃ	dʒ	Ø	tʃ	tʃ	Ø	875:3	day
15-5	C	5	ʃ	s	s	s	ʃ	ʃ	ʃ	ʃ	ʃ	ʃ	ʃ	ʃ	ʃ	s	ʃ	ʃ	s	s	ʃ	303:2, 543:0, 3:2, 94:2, 837:4	be sick / empty / happy (be) / mouth / young (female)
51-5	C	5	ʃ	s	s	s	ʃ	ʃ	ʃ	ʃ	ʃ	ʃ	ʃ	ʃ	ʂ	s	ʃ	ʃ	s	s	ʃ	84:4, 328:0, 536:3, 557:2, 615:2	back / elbow / heart / mouse / new
201-3	C	3	ʃ	s	s	s	ʃ	ç	ʃ	ʃ	ʃ	ʃ	ʃ	ʃ	ʃ	s	Ø	ç	s	s	ʃ	713:0, 754:0, 755:2	suck, to / tire
142-2	C	2	ʃ	n	Ø	ŋ	n	n	n	ʃ	ʃ	Ø	n	n	n	n	b	-	n	n	n	514:2, 610:2	road / smoke
88-1	C	1	ʃ	s	Ø	s	ʃ	ʃ	ʃ	ʃ	ʃ	ʃ	ʃ	Ø	ʃ	s	ʃ	ʃ	s	ʃ	ʃ	276:2	bird
159-1	C	1	ʃ	Ø	Ø	Ø	Ø	Ø	Ø	n	ʃ	Ø	Ø	Ø	ʂ	Ø	Ø	-	Ø	Ø	s	588:5	old (woman)
203-1	C	1	ʃ	s	s	s	ʃ	s	ʃ	ʃ	ʃ	ʃ	ʃ	Ø	ʃ	s	ʃ	ç	s	ʃ	ʃ	721:2	sweet
213-1	C	1	ʃ	s	s	s	ʃ	ç	s	s	ʃ	ʃ	ʃ	s	ʃ	s	ʃ	ç	s	ʃ	ʃ	774:1	two
228-1	C	1	ʃ	s	s	s	Ø	ʃ	ʃ	Ø	ʃ	ʃ	Ø	ʃ	Ø	s	Ø	x	s	s	ʃ	837:0	young (female)
18-32	C	32	ɾ	r	r	ɾ	ɾ	r	r	r	ɾ	ɾ	ɾ	r	l	r	r	ɾ	r	ɾ	r	761:2, 822:2, 48:3, 640:0, 124:2, 135:2, 166:2, 182:0, 204:1, 213:2, 251:0, 268:2, 324:2, 369:2, 380:3, 399:5, 424:3, 456:3, 498:2, 532:1, 602:2, 677:2, 691:0, 692:2, 705:4, 738:2, 777:2, 781:2, 828:2, 834:2, 841:3, 852:2	bird / brother (man's) / brother (woman's) / cold / ear / egg / far (away) / fat (grease) / forehead / go, to / grass / horn / knee / leaf / man SW adult, male / mountain / rain / right (hand side) / see, to / seed / skin / speak, to / star / think (over, about), to / tooth / tree / walk, to / wing / woman / worm / yellow / young (female) / young (male)
86-4	C	4	ɾ	r	r	ɾ	ɾ	r	r	r	Ø	ɾ	ɾ	r	r	r	r	r	r	ɾ	r	260:2, 608:0, 704:4, 718:0	gold / river / star / sun
46-3	C	3	ɾ	r	r	ɾ	ɾ	r	r	r	ɾ	ɾ	ɾ	r̝	l	r̝	r	r	r	ɾ	r	68:0, 281:2, 709:0	egg / green / stone
58-3	C	3	ɾ	r	Ø	d	ɾ	r	d	r	ɾ	ɾ	ɾ	d	ʎ	Ø	j	ɾ	Ø	Ø	d	132:2, 470:2, 767:2	leaf / lip / swim, to / tree
64-3	C	3	ɾ	r	r	ɾ	r	r	r	r	ɾ	ɾ	Ø	r̝	l	l	Ø	ɾ	l	Ø	r	182:2, 424:0, 872:0	egg / leaf / wing
92-3	C	3	ɾ	r	r	ɽ	ɾ	r	r	s	ɾ	r	ɾ	r	l	r	r	Ø	r	ɾ	Ø	279:4, 621:3, 810:3	branch / elbow / green / wing
39-2	C	2	ɾ	Ø	Ø	Ø	ɾ	r	r	r	ɾ	r	ɾ	r	l	l	r	ɾ	r	l	Ø	34:2, 810:0	branch / elbow / fly, to / wing
42-2	C	2	ɾ	r	l	ɾ	ɾ	r	r	r	ɾ	ɾ	ɾ	r̝	l	l	r	ɾ	r	Ø	r	48:0, 578:0	ear / old (man) / old (woman)
138-1	C	1	ɾ	r	r	ɾ	ɾ	r	r	r	ɾ	ɲ	Ø	r	n	r	r	ɾ	r	Ø	r	507:0	man SW person
151-1	C	1	ɾ	r	r	ɾ	ɾ	r	r	r	ɾ	ɾ	ɾ	r	r	r	Ø	ɾ	r	ɾ	r̥	537:4	blood
177-1	C	1	ɾ	ɾ	ɾ	ɾ	ɾ	ɾ	ɾ	Ø	ɾ	Ø	ɾ	ɾ	Ø	ɾ	ɾ	Ø	ɾ	ɾ	Ø	652:2	sew, to
222-1	C	1	ɾ	r	j	ɾ	ɾ	r	r	r	ɾ	l	ɾ	r	l	r	j	ɾ	r	ɾ	r	798:2	white
13-2	C	2	ɲ	ɲ	ɲ	ɲ	ɲ	ɲ	ɲ	ɲ	ɲ	ɲ	ɲ	n	ɲ	ɲ	ɲ	ɲ	ɲ	ɲ	ɲ	12:2, 680:2	die, to / sleep, to
19-2	C	2	ɲ	ɲ	ɲ	ɲ	ɲ	ɲ	Ø	ɲ	ɲ	n	ɲ	Ø	ɲ	ɲ	ɲ	ɲ	ɲ	ɲ	ɲ	665:0, 665:2	brother (man's) / sister (man's) / sister (woman's)
20-2	C	2	ɲ	ɲ	ɲ	ɲ	Ø	ɲ	ɲ	Ø	ɲ	ɳ	Ø	ɲ	ɲ	ɲ	Ø	Ø	ɲ	ɲ	Ø	697:0, 697:2	breast / suck, to
55-1	C	1	ɲ	ɲ	ɲ	ɲ	ɲ	ɲ	ɲ	ɲ	ɲ	ɳ	ɲ	n	ɲ	ɲ	ɲ	ɲ	ɲ	ɲ	ɲ	104:0	eye / face
104-3	C	3	ŋ	n	n	ŋ	n	n	n	n	ŋ	ɲ	n	n	n	n	n	ɴ	n	ŋ	n	328:2, 571:2, 874:1	be sick / heart / nose
29-3	C	3	Ø	χ	x	Ø	Ø	Ø	q	q	Ø	q	Ø	q	h	h	Ø	χ	x	Ø	q	3:0, 113:0, 148:2	be sick / face / seed
56-3	C	3	Ø	q	χ	χ	Ø	Ø	ʁ	χ	Ø	q	Ø	Ø	q	q	Ø	Ø	q	χ	q	113:2, 268:0, 400:2	elbow / face / grass / knee
71-2	C	2	Ø	tʃ	tʃ	tʃ	s	Ø	Ø	Ø	Ø	Ø	Ø	Ø	ʈʂ	tʃʼ	ts	Ø	tʃʼ	tʃ	ʈʂ	212:0, 766:2	suck, to / tree
73-2	C	2	Ø	tʃ	Ø	tʃ	tʃ	tʃ	ʈʂ	tʃ	Ø	tʃ	tʃ	Ø	ʈʂ	tʃʼ	tʃ	ʈʂ	tʃʼ	t	ʈʂ	215:0, 506:1	four / small
93-2	C	2	Ø	Ø	Ø	Ø	b	Ø	Ø	b	Ø	b	b	Ø	Ø	Ø	b	b	Ø	Ø	Ø	281:0, 725:3	fly, to / green / swim, to
94-2	C	2	Ø	Ø	Ø	Ø	Ø	Ø	Ø	d	Ø	-	d	Ø	Ø	Ø	d	d	d	Ø	d	281:3, 602:0	green / right (hand side)
129-2	C	2	Ø	-	Ø	-	ʎ	ʎ	Ø	Ø	Ø	Ø	ʎ	Ø	Ø	-	ʎ	Ø	-	l	Ø	459:5, 506:3	light (not heavy) / small
186-2	C	2	Ø	s	s	s	s	s	Ø	s	Ø	s	ʃ	Ø	ʃ	s	ʃ	ŋ	ʃ	s	s	685:2, 871:3	old (man) / smoke
31-1	C	1	Ø	Ø	Ø	Ø	Ø	Ø	-	j	Ø	j	Ø	-	j	Ø	Ø	j	Ø	Ø	j	3:3	be sick
52-1	C	1	Ø	Ø	Ø	Ø	Ø	Ø	ʈʂ	tʃ	Ø	tʃ	Ø	ʈʂ	t	Ø	Ø	ʈʂ	Ø	Ø	ʈʂ	85:2	belly (stomach)
98-1	C	1	Ø	h	Ø	j	j	Ø	Ø	Ø	Ø	Ø	j	Ø	Ø	Ø	j	Ø	Ø	Ø	Ø	308:2	seed
130-1	C	1	Ø	s	Ø	Ø	w	Ø	Ø	w	Ø	w	Ø	Ø	w	Ø	Ø	w	Ø	Ø	Ø	470:0	lip
134-1	C	1	Ø	Ø	Ø	Ø	Ø	Ø	ʁ	q	Ø	q	Ø	ɢ	ʔ	Ø	Ø	χ	Ø	Ø	q	499:2	man SW adult, male
165-1	C	1	Ø	ɲ	Ø	ɲ	ɲ	ɲ	ɲ	Ø	Ø	Ø	ɲ	n	Ø	j	ɲ	Ø	ɲ	ɲ	Ø	610:0	road
187-1	C	1	Ø	ɲ	ɲ	n	n	n	Ø	Ø	Ø	n	n	Ø	Ø	ɲ	n	Ø	ɲ	n	Ø	685:3	smoke
210-1	C	1	Ø	kʼ	Ø	Ø	k	k	k	Ø	Ø	Ø	x	k	Ø	kʼ	Ø	Ø	kʼ	k	k	754:2	tire
235-1	C	1	Ø	p	p	p	Ø	Ø	Ø	Ø	Ø	Ø	Ø	Ø	Ø	qʰ	Ø	Ø	pʰ	Ø	Ø	872:2	leaf
7-24	C	24	w	w	w	w	w	w	w	w	w	w	w	w	w	w	w	w	w	w	w	12:0, 104:2, 624:0, 822:0, 869:0, 36:2, 65:0, 83:0, 101:1, 172:0, 197:2, 362:0, 372:0, 380:0, 588:3, 615:0, 724:0, 725:0, 787:0, 806:0, 830:0, 834:3, 841:0, 843:0	back / belly (stomach) / cry, to / die, to / eye / face / flower / fly, to / go, to / grass / hear, to / high up / hit, to / horn / live, to / old (woman) / rope / swim, to / wind / woman / year / yellow / young (female) / young (male)
66-5	C	5	w	w	w	w	w	w	w	w	w	w	w	w	w	w	Ø	w	w	-	w	183:2, 214:2, 537:2, 641:2, 816:0	blood / fly, to / four / see, to / with
59-2	C	2	w	w	w	w	w	w	w	w	w	w	ɸ	w	w	w	-	w	w	w	w	135:0, 449:3	fat (grease) / lick, to
205-1	C	1	w	w	w	w	w	w	Ø	w	w	w	w	Ø	w	Ø	w	w	Ø	w	ɢ	740:0	brother (man's)
21-9	C	9	tʃ	tʃ	tʃ	tʃ	tʃ	tʃ	tʃ	tʃ	tʃ	ts	tʃ	tʃ	tʃ	tʃ	tʃ	tʃ	tʃ	tʃ	ts	696:0, 696:2, 286:0, 286:3, 282:0, 435:1, 535:3, 577:2, 852:0	breast / cold / green / hair / left (hand side) / mouse / old (man) / suck, to
40-4	C	4	tʃ	tʃ	tʃ	tʃ	tʃ	tʃ	tʃ	tʃ	tʃ	ts	tʃ	tʃ	tʃ	tʃʼ	tʃ	s	tʃʼ	tʃ	ts	40:0, 94:0, 287:2, 621:0	branch / dry / empty / hair
61-1	C	1	tʃ	s	tʃ	tʃ	tʃ	tʃ	tʃ	tʃ	tʃ	ts	ʃ	Ø	tʃ	ʃ	tʃ	s	s	ʃ	ts	162:2	five
139-1	C	1	tʃ	Ø	Ø	Ø	Ø	Ø	Ø	tʃ	tʃ	Ø	Ø	Ø	tʃ	Ø	Ø	tʃ	Ø	Ø	tʃ	512:1	small
144-1	C	1	tʃ	s	tʃ	tʃ	tʃ	Ø	tʃ	tʃ	tʃ	tʃ	tʃ	tʃ	tʃ	ʃ	ʃ	Ø	ʃ	tʃ	ts	515:1	many
147-1	C	1	tʃ	tʃ	tʃ	tʃ	tʃ	tʃ	tʃ	tʃ	tʃ	ts	tʃ	tʃ	tʃ	tʃ	tʃ	s	tʃ	tʃ	ts	522:1	meat SW flesh
158-1	C	1	tʃ	Ø	Ø	Ø	Ø	Ø	Ø	tʃ	tʃ	Ø	Ø	Ø	tʃ	Ø	Ø	s	Ø	Ø	ʈʂ	588:0	old (woman)
175-1	C	1	tʃ	tʃ	tʃ	tʃ	tʃ	ʈʂ	tʃ	tʃ	tʃ	tʃ	tʃ	Ø	Ø	tʃ	dʒ	ʈʂ	tʃ	tʃ	tʃ	647:3	seven
219-1	C	1	tʃ	tʃ	tʃ	tʃ	tʃ	tʃ	dʒ	tʃ	tʃ	ts	tʃ	tʃ	Ø	tʃ	tʃ	s	tʃ	Ø	ts	791:5	we (inclusive)
10-20	C	20	t	t	t	t	t	t	t	t	t	t	t	t	t	t	t	t	t	t	t	189:2, 548:2, 581:0, 673:3, 830:2, 559:0, 559:2, 174:0, 174:3, 102:3, 214:0, 371:0, 372:3, 593:0, 594:0, 668:0, 781:0, 787:3, 848:4, 862:0	back / big / bone / brother (man's) / brother (woman's) / cloud / flower / four / hit, to / name / night / push, to / rain / sit, to / six / small / year / young (male)
63-5	C	5	t	t	t	t	t	t	Ø	Ø	t	t	t	Ø	t	tʼ	t	tʃ	tʼ	t	t	172:2, 180:0, 202:2, 635:0, 724:2	flower / forehead / sand / swim, to
47-3	C	3	t	t	t	t	t	d	d	t	t	t	t	d	t	t	d	j	t	t	t	68:3, 514:3, 717:2	egg / smoke / sun
75-1	C	1	t	t	t	t	Ø	t	t	t	t	t	Ø	Ø	t	t	Ø	tʃ	t	t	t	224:1	fox
79-1	C	1	t	t	t	t	d	d	d	t	t	t	d	d	t	tʼ	d	t	tʼ	t	t	233:3	full
178-1	C	1	t	t	t	t	d	d	d	t	t	t	t	d	t	tʰ	d	t	tʰ	t	t	655:3	shadow
179-1	C	1	t	t	t	t	t	t	t	t	t	t	t	t	t	tʼ	t	t	tʼ	t	t	658:0	bread
180-1	C	1	t	t	t	t	d	d	d	t	t	t	d	d	t	t	d	t	t	t	t	658:3	bread
190-1	C	1	t	Ø	t	t	t	t	t	t	t	t	t	t	t	tʰ	Ø	t	tʰ	t	t	700:0	spit, to
22-5	C	5	s	s	s	s	s	s	s	s	s	s	s	s	s	s	s	w	s	s	s	170:0, 170:2, 75:2, 482:2, 652:0	eight / flower / live, to / sew, to
156-3	C	3	s	s	s	s	s	s	s	s	s	s	s	s	s	s	s	s	s	s	s	571:0, 616:0, 647:5	nose / root / seven
50-2	C	2	s	s	s	s	-	s	Ø	Ø	s	Ø	s	Ø	s	s	s	Ø	s	s	-	83:3, 766:0	belly (stomach) / tree
74-2	C	2	s	s	s	s	s	s	s	s	s	s	s	Ø	s	ʃ	s	s	s	ʃ	s	215:2, 567:1	four / nine
128-2	C	2	s	s	z	s	s	s	s	s	s	-	s	s	s	s	s	-	s	s	s	453:3, 750:3	push, to / three
192-2	C	2	s	s	s	s	ʃ	ʃ	ʃ	ʃ	s	ʃ	ʃ	ʃ	ʂ	s	ʃ	Ø	s	s	ʃ	701:0, 862:3	small / stand, to
60-1	C	1	s	s	s	s	ʃ	ʃ	ʃ	ʃ	s	ʃ	s	s	ʃ	s	ʃ	ʃ	s	s	ʃ	147:0	fingernail
108-1	C	1	s	s	s	s	ʃ	ç	ʃ	s	s	s	ʃ	ʃ	s	s	ʃ	s	s	s	s	339:2	heavy
116-1	C	1	s	s	s	s	s	s	s	s	s	w	s	s	s	s	s	w	s	s	s	389:2	husband
120-1	C	1	s	s	s	s	s	s	s	s	s	s	s	s	s	s	s	j	s	s	s	416:1	laugh, to
132-1	C	1	s	s	s	s	s	s	s	s	s	x	s	Ø	s	s	s	w	s	s	s	490:1	louse
152-1	C	1	s	s	s	s	ʃ	ʃ	ʃ	h	s	x	ʃ	ʃ	s	s	ʃ	x	s	s	ʃ	548:0	name
170-1	C	1	s	s	s	s	s	s	s	s	s	s	s	s	s	ʃ	s	s	s	s	s	624:2	rope
184-1	C	1	s	s	s	s	s	s	s	s	s	x	s	Ø	s	s	s	x	s	ʃ	s	673:0	six
198-1	C	1	s	Ø	z	Ø	Ø	Ø	z	Ø	s	Ø	z	Ø	Ø	Ø	Ø	s	Ø	Ø	s	705:2	star
146-2	C	2	r	r	r	ɾ	ɾ	r	r	ɾ	ɾ	ɾ	ɾ	r	w	r	r	ɾ	r	ɾ	r	521:2, 806:2	sew, to / wind
32-8	C	8	q	q	Ø	χ	g	k	Ø	h	q	x	g	-	Ø	q	g	x	q	q	-	4:0, 166:0, 212:3, 372:2, 425:3, 459:3, 521:0, 641:0	day / hit, to / leaf / light (not heavy) / mountain / see, to / sew, to / suck, to
35-5	C	5	q	q	χ	χ	k	k	ʁ	q	q	q	k	ʁ	ʔ	q	k	χ	q	q	q	19:2, 276:3, 567:2, 636:1, 740:2	bird / brother (man's) / dog / nine / sand
33-4	C	4	q	q	χ	χ	g	k	χ	χ	q	q	k	χ	ʔ	χ	χ	χ	χ	χ	q	4:4, 75:4, 102:2, 206:2	day / eight / forehead / young (male)
89-4	C	4	q	q	χ	χ	k	k	χ	χ	q	q	k	q	ʂ	qʼ	k	Ø	qʼ	q	q	279:0, 435:3, 685:0, 851:0	green / left (hand side) / smoke / yellow
53-3	C	3	q	q	χ	χ	g	k	q	χ	q	q	x	χ	ʔ	χ	-	χ	χ	χ	q	94:4, 224:3, 380:2	empty / fox / horn
70-3	C	3	q	q	χ	χ	k	k	q	q	q	q	x	χ	q	qʼ	k	χ	qʼ	Ø	Ø	197:0, 213:0, 783:0	grass / tree / warm / hot SW
84-3	C	3	q	q	χ	χ	k	k	q	q	q	q	k	χ	q	q	k	ʁ	q	q	q	260:0, 647:0, 677:0	gold / seven / skin
81-2	C	2	q	q	χ	χ	k	k	q	q	q	q	k	q	ʔ	q	k	χ	q	q	q	243:0, 399:0	give, to / knee
83-2	C	2	q	q	Ø	Ø	Ø	k	q	q	q	q	Ø	χ	ʔ	Ø	Ø	ʁ	Ø	x	q	256:2, 834:0	hit, to / yellow
96-2	C	2	q	Ø	Ø	Ø	g	Ø	χ	χ	q	q	k	χ	ʔ	Ø	k	χ	Ø	Ø	q	287:1, 381:0	hair / horn
105-2	C	2	q	q	ɢ	χ	g	g	q	q	q	q	g	Ø	ʔ	q	g	χ	q	q	q	328:3, 593:3	heart / push, to
118-2	C	2	q	q	ɢ	χ	g	g	g	q	q	q	g	ɢ	ʔ	q	g	χ	q	q	q	399:3, 571:3	knee / nose
122-2	C	2	q	k	χ	χ	k	k	Ø	q	q	q	k	ʁ	q	qʼ	k	χ	qʼ	χ	q	434:2, 713:2	left (hand side) / suck, to
133-2	C	2	q	q	χ	χ	k	Ø	Ø	q	q	q	k	χ	h	qʰ	k	Ø	qʰ	q	Ø	498:0, 704:0	man SW adult, male / star
62-1	C	1	q	k	χ	χ	k	k	ʁ	q	q	q	k	Ø	ʔ	q	k	ʁ	q	q	q	162:3	five
114-1	C	1	q	w	χ	χ	k	k	q	q	q	q	k	χ	ʔ	q	k	χ	q	q	q	389:0	husband
127-1	C	1	q	q	χ	χ	g	k	q	q	q	q	Ø	χ	ʔ	q	k	ʁ	χ	χ	q	449:2	lick, to
149-1	C	1	q	q	ɢ	χ	k	k	q	Ø	q	Ø	k	Ø	ʔ	q	k	Ø	q	q	Ø	532:2	mountain
154-1	C	1	q	q	χ	χ	g	k	χ	χ	q	q	x	x	ʔ	χ	-	χ	χ	χ	q	557:4	new
163-1	C	1	q	Ø	χ	χ	k	-	n	Ø	q	Ø	-	-	Ø	Ø	k	Ø	Ø	Ø	Ø	601:3	right (hand side)
185-1	C	1	q	q	χ	χ	g	k	x	χ	q	q	k	Ø	ʔ	x	k	χ	χ	χ	q	673:2	six
191-1	C	1	q	Ø	χ	χ	k	k	ʁ	q	q	q	k	ʁ	ʔ	q	Ø	χ	q	χ	q	700:2	spit, to
207-1	C	1	q	q	χ	χ	k	k	q	q	q	q	k	x	q	q	k	ʁ	q	q	q	748:0	thou (you sg.)
211-1	C	1	q	q	χ	χ	k	k	q	q	q	q	x	q	h	q	k	ʁ	q	q	q	759:0	tongue
218-1	C	1	q	q	χ	χ	q	k	ʁ	q	q	q	k	ʁ	Ø	q	k	χ	q	Ø	q	791:2	we (inclusive)
223-1	C	1	q	q	χ	χ	g	k	q	χ	q	q	x	q	ʔ	χ	χ	χ	χ	χ	q	798:4	white
232-1	C	1	q	q	χ	χ	k	k	ʁ	q	q	q	k	ʁ	ʔ	q	k	ʁ	q	χ	q	869:2	cry, to
236-1	C	1	q	q	ɢ	χ	Ø	Ø	Ø	Ø	q	Ø	k	Ø	Ø	q	g	Ø	q	q	Ø	874:2	be sick
11-24	C	24	p	p	p	p	p	p	p	p	p	p	p	p	p	p	p	p	p	p	p	348:0, 680:0, 729:2, 550:0, 550:2, 85:0, 848:0, 34:0, 109:2, 162:0, 206:0, 369:0, 424:2, 470:3, 587:0, 597:0, 660:0, 692:0, 718:2, 738:3, 755:0, 777:0, 801:0, 837:2	belly (stomach) / cloud / five / fly, to / forehead / hide, to / leaf / lip / navel / old (woman) / rain / red / root / sister (man's) / sleep, to / speak, to / sun / tail / think (over, about), to / tire / walk, to / who? / wing / young (female)
28-5	C	5	p	p	p	p	p	p	p	p	p	p	f	p	p	pʰ	p	p	pʰ	p	p	2:2, 183:0, 425:0, 459:0, 821:0	ash / cloud / fly, to / leaf / light (not heavy)
87-2	C	2	p	p	p	p	p	p	p	p	p	p	p	Ø	p	pʼ	p	p	pʼ	p	p	276:0, 875:0	bird / day
168-2	C	2	p	p	p	p	Ø	Ø	Ø	p	p	p	Ø	Ø	p	χ	Ø	k	Ø	Ø	Ø	621:2, 755:4	branch / tire
36-1	C	1	p	p	p	p	p	p	p	Ø	p	p	f	p	p	x	Ø	p	x	p	p	30:1	drink, to
48-1	C	1	p	m	p	p	p	p	p	p	p	p	p	Ø	p	p	p	p	p	p	p	75:0	eight
167-1	C	1	p	p	p	p	p	p	Ø	p	p	p	p	Ø	p	pʰ	Ø	p	pʰ	p	Ø	616:2	root
6-20	C	20	n	n	n	n	n	n	n	n	n	ɲ	n	n	n	n	n	n	n	n	n	153:0, 153:2, 467:2, 574:2, 655:2, 658:2, 425:2, 725:5, 479:0, 479:2, 4:2, 68:2, 132:0, 359:2, 456:0, 459:2, 507:2, 717:1, 791:4, 843:2	black / bread / day / ear / egg / fire / fly, to / high up / leaf / light (not heavy) / man SW person / not / road / shadow / sun / swim, to / we (inclusive) / young (male)
43-4	C	4	n	n	n	ŋ	n	n	n	n	n	ɲ	n	n	n	n	n	ŋ	n	ŋ	n	48:2, 212:2, 456:2, 593:2	ear / push, to / suck, to
123-3	C	3	n	n	n	n	n	n	n	n	n	ɲ	n	n	n	n	n	ŋ	n	ŋ	n	441:2, 554:2, 733:2	leg / neck / ten
69-2	C	2	n	n	n	ŋ	n	n	n	n	n	n	n	n	n	n	n	ŋ	n	n	n	189:4, 816:2	big / with
78-1	C	1	n	n	n	n	n	n	n	n	n	n	n	n	n	n	n	n	n	n	n	233:2	full
112-1	C	1	n	n	Ø	n	Ø	n	n	ɲ	n	n	n	n	n	n	n	n	n	n	n	373:2	bite, to
117-1	C	1	n	Ø	Ø	Ø	n	n	n	n	n	ɲ	n	n	n	Ø	n	ɴ	n	ŋ	n	399:2	knee
155-1	C	1	n	n	n	ŋ	n	n	n	n	n	ɲ	n	Ø	n	n	n	ŋ	n	n	n	567:4	nine
174-1	C	1	n	n	n	n	n	n	n	n	n	ɲ	n	Ø	Ø	n	n	ɳ	n	n	n	647:2	seven
181-1	C	1	n	n	n	n	n	n	n	ɲ	n	ɲ	Ø	Ø	n	Ø	n	n	n	n	n	660:2	sister (man's)
216-1	C	1	n	ɲ	n	ɲ	n	ɲ	ɲ	Ø	n	Ø	Ø	ɲ	Ø	ɲ	Ø	ɲ	ɲ	Ø	Ø	783:2	warm / hot SW
217-1	C	1	n	ɲ	ɲ	ɲ	ɲ	ɲ	n	n	ɲ	ɲ	ɲ	n	Ø	n	ɲ	ɲ	n	Ø	ɲ	791:0	we (inclusive)
237-1	C	1	n	-	n	n	n	n	n	Ø	n	Ø	n	Ø	n	n	n	Ø	n	n	Ø	875:2	day
4-26	C	26	m	m	m	m	m	m	m	m	m	m	m	m	m	m	m	m	m	m	m	57:0, 295:0, 309:1, 543:2, 557:0, 574:0, 709:2, 794:1, 822:3, 102:0, 148:0, 202:0, 256:0, 279:2, 308:0, 324:0, 400:0, 453:2, 577:0, 594:2, 607:0, 691:2, 721:0, 725:2, 841:2, 860:2	come, to / eat, to / elbow / fly, to / forehead / green / hand / head / high up / hit, to / knee / mouth / new / not / old (man) / push, to / rain / river / seed / speak, to / stone / sweet / swim, to / what? / woman / young (female) / young (male)
208-1	C	1	m	n	m	m	n	m	m	m	m	m	n	m	m	n	n	m	n	m	m	748:2	thou (you sg.)
209-1	C	1	m	n	m	m	m	m	m	m	m	m	m	m	m	n	m	m	m	m	n	750:2	three
25-5	C	5	l	l	l	Ø	Ø	Ø	l	l	l	l	l	l	l	l	Ø	l	Ø	Ø	l	853:1, 853:3, 334:1, 692:3, 705:0	cold / speak, to / star / wing
5-30	C	30	k	k	k	k	k	k	k	k	k	k	k	k	k	k	k	k	k	k	k	303:0, 527:0, 554:0, 632:0, 750:0, 761:0, 774:2, 512:3, 588:2, 496:0, 496:2, 36:0, 84:0, 124:0, 166:3, 174:2, 180:2, 204:2, 215:3, 371:2, 373:0, 453:0, 482:0, 536:1, 578:2, 640:2, 746:0, 848:2, 862:2, 871:1	bite, to / cloud / elbow / far (away) / flower / forehead / four / happy (be) / hit, to / live, to / moon / mountain / mouse / neck / old (man) / old (woman) / push, to / salt / see, to / small / this / three / tooth / two
8-6	C	6	k	k	k	k	k	k	k	k	k	k	k	k	k	k	k	k	k	x	k	40:2, 295:2, 348:2, 764:2, 335:2, 597:2	dry / foot / hand / hide, to / red / water
95-3	C	3	k	k	k	k	Ø	x	x	χ	k	q	Ø	χ	Ø	x	Ø	Ø	x	x	q	282:5, 286:2, 787:2	back / green / hair
124-3	C	3	k	k	k	k	g	g	g	k	k	k	g	g	k	k	g	k	k	k	k	441:3, 554:3, 733:3	leg / neck / ten
49-2	C	2	k	k	k	k	χ	k	ʁ	Ø	k	Ø	k	χ	Ø	x	k	Ø	k	x	q	83:2, 282:2	belly (stomach) / green
44-1	C	1	k	χ	k	k	k	k	k	k	k	k	k	k	k	kʰ	k	k	kʰ	x	k	57:2	eat, to
145-1	C	1	k	k	k	k	k	Ø	k	k	k	k	k	k	k	kʰ	k	Ø	kʰ	k	k	515:2	many
150-1	C	1	k	k	k	k	k	Ø	k	k	k	Ø	k	k	Ø	kʼ	k	k	kʼ	x	Ø	535:1	mouse
161-1	C	1	k	k	k	k	g	x	χ	k	k	k	k	k	k	x	-	k	x	x	k	590:2	one
171-1	C	1	k	k	kʰ	k	k	k	k	k	k	k	k	k	k	kʰ	k	k	kʰ	k	k	624:3	rope
204-1	C	1	k	k	k	k	k	k	k	k	k	k	k	Ø	k	kʼ	k	k	kʼ	k	k	721:3	sweet
220-1	C	1	k	s	k	k	-	-	ʁ	-	k	-	k	-	Ø	s	-	-	s	Ø	k	791:7	we (inclusive)
225-1	C	1	k	Ø	Ø	Ø	g	k	k	Ø	k	k	g	k	Ø	x	g	Ø	x	x	Ø	810:2	branch / elbow / wing
16-17	C	17	j	j	j	j	j	j	j	j	j	j	j	j	j	j	j	j	j	j	j	409:0, 467:0, 737:0, 737:2, 65:2, 114:1, 282:3, 319:1, 335:0, 537:0, 587:2, 594:3, 607:2, 635:2, 668:2, 738:0, 821:2	black / blood / cloud / face / green / hear, to / know, to / old (woman) / rain / river / sand / sit, to / think (over, about), to / water
37-2	C	2	j	j	j	j	j	j	j	Ø	j	j	j	j	j	j	r	j	-	j	j	30:2, 767:0	drink, to / leaf / tree
194-1	C	1	j	j	j	j	j	j	j	j	j	k	j	j	Ø	j	j	Ø	j	j	-	701:2	stand, to
221-1	C	1	j	j	r	j	j	j	j	j	j	j	j	j	j	j	r	j	j	j	j	798:0	white
68-1	C	1	h	h	h	h	h	-	-	h	h	h	x	-	h	h	h	x	h	-	-	189:0	big
77-1	C	1	h	h	h	h	h	x	-	h	h	h	x	-	h	h	h	x	h	-	-	233:0	full
110-1	C	1	h	Ø	h	h	Ø	-	-	h	h	x	Ø	-	s	Ø	Ø	x	Ø	-	Ø	359:0	high up
140-1	C	1	h	Ø	Ø	Ø	Ø	Ø	q	q	h	Ø	Ø	χ	h	Ø	Ø	χ	Ø	Ø	q	514:0	smoke
160-1	C	1	h	h	h	h	ʃ	s	s	h	h	x	ʃ	-	h	-	ʃ	x	-	s	-	590:0	one
231-1	C	1	h	h	h	h	ʃ	ʃ	ʃ	ʃ	h	ʃ	ʃ	ʃ	Ø	h	ʃ	ʃ	h	-	ʃ	860:0	come, to
101-1	C	1	-	Ø	r	ɾ	n	Ø	-	Ø	-	Ø	n	-	-	ɾ	n	-	ɾ	ɾ	Ø	319:3	hear, to
227-1	C	1	-	-	k	-	k	k	k	k	-	k	Ø	k	k	kʰ	k	k	k	k	k	828:0	bird / worm
