ID	STRUCTURE	FREQUENCY	abui	adang	blagar	kaera	kamang	klon	kui	nedebang	protoalorpantar	sawila	teiwa	wersing	westernpantar	COGNATESETS	CONCEPTS
330-1	V	1	ɔ	o	Ø	o	Ø	oː	Ø	o	o	Ø	o	Ø	Ø	1859:1	wave
95-6	V	6	Ø	i	a	o	-	-	Ø	a	Ø	u	-	u	a	379:3, 475:3, 1050:4, 1335:5, 1480:3, 1887:5	itchy / light / shine / ten / to dig / white
55-5	V	5	Ø	ɛ	e	i	a	ə	e	i	-	a	i	e	u	88:1, 718:0, 728:1, 1227:4, 1465:4	float / night / nose / stick/pole / to dance
127-4	V	4	Ø	e	i	i	i	Ø	o	i	i	a	i	i	i	594:1, 824:3, 915:1, 1035:1	mat / rain / road/path / shark
150-4	V	4	Ø	ɛ	a	a	Ø	ɑ	e	e	Ø	Ø	a	Ø	e	801:4, 1173:3, 1602:2, 2243:3	dog / papaya / spider / to laugh
41-3	V	3	Ø	a	u	a	-	ɑ	-	a	-	u	a	-	a	31:3, 601:1, 1350:3	fingernail / millet / thick
159-3	V	3	Ø	ɛ	e	i	e	ɛ	i	a	e	i	a	-	Ø	897:1, 1227:2, 2161:3	cold / ripe / stick/pole
190-3	V	3	Ø	a	a	-	e	ɛ	e	Ø	a	a	e	e	a	1132:3, 1603:1, 1781:1	small / to laugh / to walk
208-3	V	3	Ø	o	i	a	-	ɛ	-	a	a	i	a	a	e	1199:1, 1523:3, 1765:3	stand / to fight / to vomit
209-3	V	3	Ø	iː	ə	i	i	ɪ	i	i	Ø	a	i	i	i	1205:0, 1408:1, 1887:1	star / to breathe / white
62-2	V	2	Ø	a	i	u	Ø	-	a	i	Ø	Ø	u	Ø	i	101:0, 190:5	ask (question) / fly (n.)
91-2	V	2	Ø	e	-	a	Ø	u	u	u	u	Ø	a	Ø	u	324:2, 390:2	hole / knee
99-2	V	2	Ø	Ø	-	u	Ø	-	-	u	u	Ø	u	Ø	a	390:4, 1366:0	knee / three
158-2	V	2	Ø	-	a	e	-	ə	-	ə	-	Ø	a	e	Ø	861:3, 1773:1	rattan / to wake s.o up
193-2	V	2	Ø	o	a	a	-	-	o	-	a	a	u	a	-	1140:3, 1839:3	smoke / village
251-2	V	2	Ø	ɛ	i	i	-	-	i	Ø	i	a	Ø	i	Ø	1418:4, 1739:3	bone / to close
265-2	V	2	Ø	Ø	u	o	a	ǝ	e	Ø	a	ɑ	a	a	a	1524:3, 2345:0	excrement / to flow
325-2	V	2	Ø	a	-	a	Ø	-	a	a	Ø	Ø	i	Ø	Ø	1841:3, 2161:1	branch / cold
121-1	V	1	Ø	o	o	o	o	ɔ	Ø	Ø	o	Ø	o	u	-	562:3	banana
167-1	V	1	Ø	e	i	a	Ø	eː	-	-	-	-	-	-	Ø	925:2	roof thatch
170-1	V	1	Ø	ɛ	Ø	Ø	-	ɪ	i	Ø	Ø	Ø	Ø	Ø	Ø	972:3	run
191-1	V	1	Ø	a	e	ə	u	o	o	u	u	u	u	u	u	1140:1	smoke
213-1	V	1	Ø	i	Ø	i	-	-	-	a	i	Ø	-	Ø	i	1215:3	bite
225-1	V	1	Ø	a	a	a	Ø	ɑ	Ø	Ø	Ø	Ø	u	Ø	a	1292:1	swell
228-1	V	1	Ø	o	o	o	u	o	o	o	o	i	o	o	Ø	1305:1	tail
249-1	V	1	Ø	a	e	a	Ø	u	u	Ø	-	-	Ø	Ø	Ø	1418:0	to close
250-1	V	1	Ø	ɛ	e	e	Ø	e	e	Ø	a	i	Ø	Ø	Ø	1418:2	to close
261-1	V	1	Ø	a	-	-	-	ɑ	a	Ø	a	e	Ø	Ø	Ø	1498:1	to drink
262-1	V	1	Ø	-	a	a	e	ɑ	i	Ø	i	e	Ø	Ø	Ø	1498:2	to drink
282-1	V	1	Ø	a	-	Ø	i	Ø	i	Ø	i	a	Ø	-	i	1603:3	to laugh
293-1	V	1	Ø	a	o	Ø	Ø	Ø	-	Ø	-	a	a	a	i	1673:3	to sing
301-1	V	1	Ø	Ø	Ø	e	a	ɛ	Ø	a	e	Ø	Ø	e	Ø	1773:3	to wake s.o up
303-1	V	1	Ø	Ø	Ø	Ø	-	Ø	Ø	Ø	Ø	o	Ø	i	Ø	1779:2	to walk
319-1	V	1	Ø	-	a	a	Ø	e	a	a	a	Ø	a	Ø	a	1838:0	village
320-1	V	1	Ø	a	a	a	Ø	e	a	a	a	Ø	a	Ø	a	1838:2	village
323-1	V	1	Ø	a	Ø	e	Ø	-	a	a	Ø	Ø	e	Ø	Ø	1841:1	branch
334-1	V	1	Ø	a	o	a	Ø	ʊ	a	Ø	Ø	Ø	a	Ø	u	1977:1	yellow
336-1	V	1	Ø	o	-	a	Ø	ʊ	u	Ø	Ø	Ø	a	Ø	-	1977:3	yellow
338-1	V	1	Ø	i	i	i	Ø	ɔ	a	Ø	Ø	Ø	i	Ø	a	1977:5	yellow
341-1	V	1	Ø	Ø	-	Ø	i	Ø	Ø	i	i	i	-	i	Ø	2012:2	breast
342-1	V	1	Ø	Ø	Ø	-	Ø	Ø	Ø	a	Ø	Ø	o	Ø	e	2018:3	bride price
348-1	V	1	Ø	e	o	u	Ø	Ø	Ø	u	Ø	Ø	o	Ø	a	2101:1	child
366-1	V	1	Ø	-	i	i	-	e	Ø	Ø	i	Ø	Ø	Ø	i	2260:0	dream
367-1	V	1	Ø	e	a	a	o	e	Ø	Ø	a	Ø	Ø	Ø	e	2260:2	dream
369-1	V	1	Ø	ɛ	o	o	Ø	ʊ	Ø	Ø	o	oː	Ø	Ø	Ø	2270:1	dry in sun
376-1	V	1	Ø	Ø	o	a	Ø	Ø	Ø	Ø	Ø	Ø	i	Ø	Ø	2288:1	earth
37-7	V	7	u	u	u	o	o	u	-	u	u	o	u	a	u	15:3, 112:2, 243:1, 708:3, 788:1, 823:2, 1779:1	(coral) reef / ash / feverish / gum tree/eucalyptus / oven / rain / to walk
52-6	V	6	u	u	i	i	u	ʊ	u	i	u	Ø	-	u	u	59:1, 528:5, 945:1, 964:1, 1182:1, 1734:3	bone / flat / lontar palm / rotten / rub / squat/crouch
64-4	V	4	u	u	u	u	-	ʊ	u	u	u	Ø	u	Ø	a	138:0, 343:3, 964:3, 1113:1	four / horn / rub / sky
156-4	V	4	u	o	u	u	u	ʊ	u	-	u	a	u	u	i	858:1, 1366:2, 1924:1, 2199:2	breadfruit / correct / rat / three
163-3	V	3	u	u	u	-	u	u	u	i	u	Ø	a	e	e	915:3, 1144:1, 1465:6	road/path / smooth / to dance
211-3	V	3	u	i	a	i	e	ɛ	e	i	a	i	i	i	a	1215:1, 1485:2, 2243:1	bite / dog / to dig
280-3	V	3	u	u	Ø	a	-	ə	u	-	Ø	Ø	ə	-	e	1602:0, 1683:1, 2337:11	eleven / to laugh / to smell
198-2	V	2	u	e	Ø	a	a	ɑ	a	-	-	a	-	a	Ø	1156:0, 1748:1	bird / to tie
236-2	V	2	u	o	u	o	Ø	-	u	-	ǝ	-	-	i	u	1332:6, 1393:2	ten / to bark
288-2	V	2	u	u	u	u	Ø	u	o	u	u	a	u	u	Ø	1628:1, 1659:1	body hair / to play
141-1	V	1	u	u	u	u	o	ʊ	u	u	u	Ø	u	o	u	773:1	one
171-1	V	1	u	uː	u	u	Ø	ʊ	u	u	u	u	u	u	u	976:1	betel nut/areca
277-1	V	1	u	u	i	i	u	ʊ	u	i	ǝ	Ø	i	Ø	i	1564:1	to hold
284-1	V	1	u	u	u	Ø	i	-	e	u	u	a	i	-	i	1624:1	to plant 1
296-1	V	1	u	Ø	u	a	u	ʊ	-	u	ǝ	Ø	a	Ø	Ø	1698:3	to spit
298-1	V	1	u	ɔ	o	o	Ø	ɔ	o	Ø	o	Ø	Ø	Ø	Ø	1740:1	to throw
317-1	V	1	u	u	u	o	Ø	-	u	Ø	u	Ø	-	Ø	u	1829:4	two
378-1	V	1	u	o	e	Ø	Ø	Ø	Ø	Ø	Ø	Ø	Ø	Ø	Ø	2330:1	egg
380-1	V	1	u	-	Ø	Ø	-	Ø	u	Ø	Ø	Ø	Ø	Ø	u	2337:4	eleven
381-1	V	1	u	i	Ø	Ø	-	Ø	u	Ø	Ø	Ø	Ø	Ø	i	2337:9	eleven
19-10	V	10	o	o	o	u	u	o	o	u	Ø	u	u	u	a	178:1, 1737:3, 283:1, 303:3, 324:1, 382:1, 708:1, 1197:1, 1371:1, 2199:1	(coral) reef / bone / correct / good / headlice / heavy / hole / itchy / stab / three
84-5	V	5	o	ɛ	o	o	-	i	a	a	o	i	u	i	i	276:5, 588:3, 1050:1, 1271:5, 1612:3	head / marungga / shine / sweet / to live
89-4	V	4	o	-	a	a	a	-	o	o	Ø	a	u	o	Ø	308:0, 319:2, 1173:5, 1335:3	help / hit (drum) / spider / ten
97-3	V	3	o	o	i	a	o	o	o	i	o	Ø	a	Ø	u	387:1, 514:0, 1035:3	jackfruit / liver / shark
119-3	V	3	o	o	o	o	o	ɔ	o	u	o	Ø	o	u	a	562:1, 961:1, 1148:1	banana / rub / snake
205-3	V	3	o	i	i	i	o	-	-	Ø	-	ɔ	e	u	i	1182:3, 1822:1, 2270:3	dry in sun / squat/crouch / turtle
215-3	V	3	o	u	o	o	o	o	Ø	o	o	Ø	o	o	Ø	1229:2, 1503:1, 2180:1	coral (rock) / stomach / to drop
94-2	V	2	o	-	e	a	Ø	aː	a	a	Ø	Ø	aː	Ø	a	379:1, 467:0	itchy / lie (tell untruth)
108-2	V	2	o	a	-	a	Ø	Ø	o	a	Ø	Ø	a	Ø	a	467:2, 1041:3	lie (tell untruth) / sharp
180-2	V	2	o	-	i	o	e	Ø	-	i	Ø	Ø	a	Ø	u	1008:3, 1822:4	search/hunt for / turtle
245-2	V	2	o	o	a	o	Ø	Ø	Ø	a	ǝ	u	u	o	a	1393:1, 1424:3	to bark / to cook
318-2	V	2	o	i	a	a	a	a	a	a	a	Ø	a	Ø	e	1834:0, 2101:2	child / vagina
259-1	V	1	o	i	i	i	Ø	Ø	i	i	i	Ø	i	Ø	Ø	1474:1	to die
285-1	V	1	o	i	i	Ø	-	i	i	i	i	i	a	i	i	1624:3	to plant 1
315-1	V	1	o	aː	a	a	Ø	ʊ	u	Ø	a	Ø	a	Ø	a	1829:2	two
217-1	V	1	iː	u	a	a	o	ɔ	o	a	a	a	a	o	Ø	1233:1	stone
61-5	V	5	i	i	i	i	i	i	i	e	Ø	a	i	-	a	100:1, 231:7, 621:1, 882:1, 1132:4	fly / green / mosquito / right / small
80-5	V	5	i	-	u	i	Ø	-	i	a	Ø	u	-	-	e	254:2, 1003:5, 1336:4, 1765:5, 2330:3	egg / guts / scratch / tendon / to vomit
43-3	V	3	i	u	u	u	i	u	-	u	-	i	a	i	u	31:5, 39:1, 98:1	arrow / fingernail / flower
50-3	V	3	i	ɛ	i	i	i	-	a	i	i	i	a	i	i	55:3, 308:4, 882:3	five / help / right
59-3	V	3	i	i	a	a	-	u	o	-	-	a	a	u	-	98:3, 397:2, 823:3	bad / flower / rain
65-3	V	3	i	-	-	i	u	ɪ	i	i	i	i	i	i	e	155:0, 514:2, 817:2	fruit / liver / person
113-3	V	3	i	Ø	-	i	i	i	i	e	i	i	i	i	i	482:3, 518:1, 728:3	bamboo / long / nose
125-3	V	3	i	a	u	i	a	ɛ	-	Ø	i	Ø	Ø	Ø	Ø	588:5, 1129:2, 1132:1	marungga / slave / small
110-2	V	2	i	i	o	-	Ø	-	a	i	Ø	a	i	Ø	Ø	467:4, 2139:1	climb / lie (tell untruth)
184-2	V	2	i	e	-	-	i	-	i	a	-	i	-	-	a	1034:4, 1567:4	betel vine / to hunt
186-2	V	2	i	i	i	i	Ø	ɪ	i	i	i	i	i	i	i	1106:1, 1644:3	sit / to pull
200-2	V	2	i	a	a	-	Ø	-	a	a	Ø	-	-	Ø	Ø	1157:3, 1278:5	bitter / sore/wound
240-2	V	2	i	a	a	o	Ø	-	a	a	a	a	-	-	a	1342:4, 1430:3	black / to count
270-2	V	2	i	ɛ	e	e	-	ɛ	e	e	e	a	a	Ø	a	1539:2, 2350:1	eye / to give
116-1	V	1	i	i	a	a	i	ɛ	o	a	-	Ø	-	-	e	498:2	lime
135-1	V	1	i	a	i	i	u	ə	a	a	a	i	Ø	-	a	717:1	new (house)
188-1	V	1	i	i	-	o	Ø	-	a	i	-	i	i	-	i	1106:3	sit
233-1	V	1	i	ɛ	-	i	-	-	-	i	i	Ø	a	Ø	i	1329:5	teeth
243-1	V	1	i	-	e	Ø	Ø	i	i	a	-	Ø	i	Ø	i	1345:2	thatch
292-1	V	1	i	-	i	u	Ø	-	Ø	-	i	i	-	i	Ø	1659:3	body hair
307-1	V	1	i	ɛ	Ø	e	Ø	ɛ	i	e	e	Ø	i	Ø	e	1806:3	tongue
309-1	V	1	i	-	Ø	-	Ø	-	e	u	-	Ø	i	Ø	u	1806:5	tongue
344-1	V	1	i	Ø	-	-	Ø	Ø	Ø	a	a	i	a	Ø	Ø	2076:4	chase away/expel
363-1	V	1	i	i	Ø	-	e	i	Ø	Ø	i	Ø	i	Ø	i	2208:4	crocodile
375-1	V	1	i	Ø	Ø	a	i	-	Ø	a	i	i	a	a	e	2284:5	ear
35-8	V	8	e	o	o	o	-	ɛ	e	a	a	i	a	e	a	14:1, 99:3, 177:1, 254:1, 528:3, 634:1, 734:1, 1424:1	father / fly / good / guts / lontar palm / mother / old (people) / to cook
102-7	V	7	e	i	i	o	e	i	e	i	i	i	-	e	a	397:4, 946:3, 1227:1, 1485:1, 1567:6, 2096:1, 2267:3	bad / chicken / dry / rotten / stick/pole / to dig / to hunt
49-5	V	5	e	i	i	i	i	ə	e	i	i	o	u	e	a	55:1, 475:1, 946:1, 1358:3, 1567:0	five / light / rotten / thin / to hunt
161-5	V	5	e	i	e	e	e	ɛ	e	a	e	i	e	e	a	911:3, 978:1, 1399:1, 2029:1, 2349:1	bedbug / burn/shine / eye / sand / to bathe
74-4	V	4	e	ɛ	i	e	i	e	e	o	Ø	i	i	i	Ø	206:1, 861:1, 1408:4, 1815:1	bow / grass/brush / rattan / to breathe
219-3	V	3	e	u	u	u	Ø	o	u	u	uː	Ø	-	u	Ø	1247:0, 1336:1, 1683:3	sugarcane / tendon / to smell
174-2	V	2	e	a	e	a	a	a	e	Ø	ǝ	Ø	a	e	o	996:1, 2275:2	dust/fine earth / scorpion
181-2	V	2	e	e	a	a	a	ɛ	e	a	a	a	e	a	e	1034:1, 1579:3	betel vine / to kill
263-2	V	2	e	u	a	a	a	u	Ø	-	a	e	-	a	a	1512:1, 1544:3	to eat / to guard
267-2	V	2	e	o	-	e	e	ɛ	e	e	-	-	ə	Ø	Ø	1527:3, 2076:1	chase away/expel / to flow
133-1	V	1	e	-	e	i	i	ɛ	e	u	-	i	Ø	Ø	u	664:3	name
152-1	V	1	e	i	e	e	e	e	e	e	a	i	a	e	a	820:1	pig
231-1	V	1	e	ɛ	e	a	e	ɛ	e	-	a	Ø	-	Ø	a	1329:3	teeth
256-1	V	1	e	iː	e	e	e	ɛ	e	e	a	i	e	e	a	1434:1	blood
272-1	V	1	e	u	Ø	u	u	u	Ø	Ø	u	Ø	Ø	Ø	u	1544:1	to guard
290-1	V	1	e	a	a	o	e	a	Ø	Ø	-	Ø	Ø	Ø	a	1637:3	to pound
328-1	V	1	e	i	a	i	i	a	e	i	i	i	i	i	Ø	1857:1	water (fresh)
343-1	V	1	e	Ø	e	e	Ø	Ø	Ø	i	i	i	i	Ø	Ø	2076:3	chase away/expel
373-1	V	1	e	Ø	Ø	a	a	ɛ	Ø	a	a	a	a	e	u	2284:3	ear
340-2	V	2	aː	e	aː	a	a	ɑ	a	a	a	a	a	a	Ø	2012:0, 2176:4	breast / cooked rice
2-29	V	29	a	a	a	a	i	-	a	a	a	a	a	a	a	242:1, 821:0, 1112:2, 1982:3, 2235:4, 1041:1, 1297:1, 93:1, 1480:1, 2224:1, 601:2, 1703:1, 3:3, 161:1, 190:3, 402:3, 801:1, 824:2, 874:2, 1050:2, 1146:2, 1157:1, 1278:1, 1492:3, 1567:2, 1765:1, 1972:0, 2264:5, 2352:1	ask (question) / bitter / dibble stick / dirty / dry / fall (from above) / fat / flower / full / gum tree/eucalyptus / knife / millet / papaya / rain / rib / sharp / shine / six / snake / sore/wound / swim / to dig / to divide / to hunt / to split / to vomit / yawn / yesterday
1-22	V	22	a	a	i	i	a	ə	a	-	a	a	a	a	a	14:3, 1335:0, 1335:2, 1523:1, 1523:5, 1612:6, 1839:1, 2340:1, 2340:3, 231:1, 231:5, 634:2, 1354:1, 1644:1, 2240:1, 2240:3, 39:3, 518:2, 887:1, 1579:1, 1737:1, 2337:7	arrow / bone / dirty / eleven / empty / father / green / long / mother / right / ten / thick / to fight / to kill / to live / to pull / village
13-11	V	11	a	u	-	i	i	-	i	i	i	i	i	i	i	1112:1, 1734:1, 1982:1, 402:1, 2267:1, 15:5, 31:7, 99:1, 528:1, 872:0, 2096:2	bone / chicken / dry / feverish / fingernail / fly / knife / lontar palm / red / six / yesterday
11-10	V	10	a	a	ə	a	a	ɑ	a	a	a	a	a	a	-	93:2, 1465:3, 2275:3, 3:1, 588:1, 645:3, 718:2, 817:0, 1173:1, 1195:1	dust/fine earth / fat / flower / marungga / mouth / night / person / spider / stab / to dance
18-8	V	8	a	u	a	o	e	-	a	a	-	a	-	a	i	177:3, 2199:4, 59:4, 169:4, 718:4, 765:3, 1195:3, 2352:3	correct / fall (from above) / flat / garden / good / night / older sibling / stab
21-7	V	7	a	a	-	a	-	e	i	e	a	a	a	e	a	694:1, 1612:1, 397:1, 528:0, 765:1, 874:3, 1628:3	bad / lontar palm / neck / older sibling / rib / to live / to play
23-7	V	7	a	ɛ	e	i	a	ə	a	a	a	a	-	i	a	694:3, 1523:7, 161:3, 482:1, 972:1, 1271:1, 1551:1	bamboo / full / neck / run / sweet / to fight / to hear
32-6	V	6	a	i	i	a	a	ɪ	u	u	a	a	a	-	i	12:1, 101:2, 231:3, 631:1, 944:1, 1129:1	father / fly (n.) / green / mother / rope / slave
53-6	V	6	a	a	-	i	o	ʊ	o	a	o	a	e	o	i	59:2, 978:2, 1156:2, 1779:4, 1924:4, 2105:0	bird / breadfruit / child / flat / sand / to walk
69-6	V	6	a	u	u	u	a	a	u	a	Ø	a	a	a	u	169:1, 179:1, 788:4, 1336:3, 1492:1, 1972:2	garden / good / oven / tendon / to divide / yawn
20-5	V	5	a	o	e	a	-	-	a	a	a	-	a	a	u	178:3, 1737:5, 35:2, 1146:1, 1197:3	bone / fire / good / snake / stab
33-5	V	5	a	i	a	a	i	ɑ	-	a	-	u	-	u	u	12:3, 242:2, 631:3, 1129:4, 1350:1	father / gum tree/eucalyptus / mother / slave / thick
36-5	V	5	a	a	e	o	Ø	a	a	i	Ø	e	a	i	-	15:1, 112:0, 190:1, 872:2, 1197:4	ash / ask (question) / feverish / red / stab
75-5	V	5	a	ɔ	o	o	o	e	-	o	Ø	Ø	o	o	a	215:0, 308:2, 319:0, 577:1, 1524:1	grasshopper / help / hit (drum) / mango / to flow
39-4	V	4	a	a	i	a	u	ə	u	a	u	u	u	e	a	31:1, 303:1, 1003:1, 2095:2	chicken / fingernail / heavy / scratch
106-4	V	4	a	aː	a	a	a	ɛ	a	a	a	a	a	a	a	440:3, 1008:1, 1575:3, 1625:1	leaf / search/hunt for / to kill / to plant 2
118-4	V	4	a	ɛ	i	o	Ø	-	-	u	Ø	Ø	-	Ø	a	518:4, 961:3, 1196:4, 2161:5	cold / long / rub / stab
176-4	V	4	a	aː	a	i	e	ə	a	a	a	a	a	-	a	1000:2, 1108:1, 1673:1, 1839:4	scratch / six / to sing / village
46-3	V	3	a	-	a	i	i	ɑ	-	-	-	a	-	a	u	35:4, 2095:1, 2330:4	chicken / egg / fire
82-3	V	3	a	i	-	-	e	ɪ	e	u	Ø	i	o	e	a	276:1, 929:2, 1433:3	head / root / to count
93-3	V	3	a	a	o	u	a	ə	a	Ø	-	a	o	e	a	343:1, 1433:1, 1465:1	horn / to count / to dance
105-3	V	3	a	a	e	e	Ø	ɛ	a	-	e	Ø	e	-	-	440:1, 911:1, 1354:3	bedbug / leaf / thick
129-3	V	3	a	i	a	u	-	u	o	Ø	Ø	Ø	a	Ø	a	645:1, 1113:3, 1781:3	mouth / sky / to walk
139-3	V	3	a	ɛ	a	-	i	Ø	-	a	-	a	i	i	u	734:3, 801:6, 1156:4	bird / old (people) / papaya
144-3	V	3	a	i	e	e	a	-	a	Ø	a	ɑ	ə	a	a	775:1, 824:0, 1358:1	bat / rain / thin
178-3	V	3	a	a	a	a	a	a	a	a	a	a	o	a	u	1006:1, 1278:3, 2018:1	bitter / bride price / sea/salt water
185-3	V	3	a	o	-	u	u	ʊ	u	u	u	u	u	u	u	1065:1, 1332:4, 2244:1	dog / short / ten
202-3	V	3	a	a	a	a	a	ə	a	a	a	Ø	a	Ø	a	1165:1, 1575:1, 2264:1	dry / spear / to kill
235-3	V	3	a	a	a	a	-	ɑ	a	a	a	a	a	e	e	1332:1, 1342:2, 2337:1	black / eleven / ten
253-3	V	3	a	a	-	e	a	ə	e	a	Ø	Ø	a	Ø	a	1430:1, 1527:1, 1887:3	to count / to flow / white
111-2	V	2	a	a	i	e	a	ɑ	a	-	i	-	-	a	-	472:1, 1108:3	lie down / six
131-2	V	2	a	a	e	e	e	ə	e	e	a	a	Ø	e	i	664:1, 1739:1	bone / name
138-2	V	2	a	a	a	o	a	ɑ	a	a	a	a	a	a	a	717:4, 1297:3	new (house) / swim
154-2	V	2	a	-	-	o	a	u	a	Ø	-	o	a	a	Ø	823:0, 2106:3	chin / rain
175-2	V	2	a	ɛ	u	a	Ø	ɛ	a	u	Ø	Ø	Ø	Ø	Ø	1000:1, 1196:1	scratch / stab
197-2	V	2	a	u	a	a	a	-	a	a	-	Ø	a	o	i	1144:3, 2349:3	eye / smooth
220-2	V	2	a	ɛ	e	i	a	a	Ø	e	a	a	a	i	Ø	1252:1, 2180:3	coral (rock) / sun
226-2	V	2	a	a	a	o	u	-	Ø	Ø	a	o	a	a	u	1292:3, 2106:4	chin / swell
237-2	V	2	a	a	-	-	Ø	ɑ	a	-	a	a	a	a	Ø	1342:0, 2264:3	black / dry
254-2	V	2	a	ɛ	a	-	-	-	i	a	a	i	-	i	i	1433:5, 1539:4	to count / to give
349-2	V	2	a	i	ə	u	-	e	Ø	Ø	-	a	-	e	Ø	2106:1, 2139:3	chin / climb
47-1	V	1	a	aː	a	a	a	ə	e	a	a	a	a	a	a	38:0	fish
114-1	V	1	a	aː	a	a	a	ə	o	-	a	Ø	o	o	a	498:0	lime
203-1	V	1	a	Ø	a	i	a	ɑ	a	Ø	a	Ø	Ø	Ø	i	1165:3	spear
230-1	V	1	a	a	ə	u	-	ə	a	u	u	Ø	u	Ø	a	1329:1	teeth
242-1	V	1	a	e	e	Ø	Ø	e	a	e	a	Ø	a	Ø	a	1345:1	thatch
275-1	V	1	a	Ø	e	Ø	i	ɪ	i	Ø	Ø	i	Ø	Ø	Ø	1551:3	to hear
279-1	V	1	a	-	a	o	-	-	a	i	-	Ø	-	Ø	i	1564:3	to hold
289-1	V	1	a	aː	a	a	a	-	Ø	Ø	a	Ø	Ø	Ø	a	1637:1	to pound
306-1	V	1	a	a	Ø	a	Ø	ə	a	ə	-	Ø	e	Ø	a	1806:1	tongue
310-1	V	1	a	i	e	e	Ø	ə	e	e	e	Ø	e	Ø	Ø	1818:1	tree
313-1	V	1	a	-	-	-	Ø	ə	o	Ø	a	Ø	-	Ø	a	1829:0	two
351-1	V	1	a	a	-	o	Ø	a	Ø	Ø	a	a	-	Ø	Ø	2123:0	civet cat
354-1	V	1	a	a	e	a	a	Ø	Ø	a	a	a	a	a	Ø	2157:1	coconut
357-1	V	1	a	aː	Ø	-	Ø	ə	a	-	-	a	-	a	Ø	2176:0	cooked rice
359-1	V	1	a	a	Ø	a	Ø	ɑ	a	-	-	a	-	a	Ø	2176:2	cooked rice
361-1	V	1	a	a	Ø	a	i	ə	Ø	Ø	a	Ø	a	Ø	a	2208:1	crocodile
362-1	V	1	a	a	Ø	a	e	ɑ	Ø	Ø	a	Ø	a	Ø	a	2208:3	crocodile
371-1	V	1	a	Ø	Ø	u	-	ə	Ø	o	u	-	u	e	a	2284:1	ear
388-1	V	1	a	a	a	a	-	-	a	a	-	a	ə	e	a	2370:1	arm
389-1	V	1	a	a	a	a	a	a	a	a	a	a	a	e	a	2370:3	arm
57-3	V	3	-	ɛ	i	a	Ø	ɛ	e	a	-	u	ə	i	-	88:3, 390:1, 1003:3	float / knee / scratch
146-3	V	3	-	Ø	e	Ø	e	e	e	Ø	e	e	-	e	o	775:3, 944:3, 1984:2	bat / rope / yesterday
44-2	V	2	-	a	a	a	a	ə	-	-	-	a	-	a	Ø	35:0, 929:0	fire / root
112-2	V	2	-	i	a	e	a	ɑ	Ø	a	a	e	i	i	i	472:2, 1503:3	lie down / to drop
122-2	V	2	-	i	-	i	i	-	i	Ø	-	Ø	i	-	i	562:4, 1527:5	banana / to flow
128-2	V	2	-	ɛ	-	i	Ø	e	o	i	i	Ø	i	o	Ø	608:1, 1271:3	monitor lizard / sweet
137-2	V	2	-	a	-	-	a	ɑ	-	a	i	e	a	-	i	717:3, 2235:2	dirty / new (house)
264-2	V	2	-	i	a	-	-	i	-	a	i	e	a	i	-	1512:2, 1683:4	to eat / to smell
153-1	V	1	-	-	-	-	e	e	i	i	i	-	i	i	i	820:2	pig
172-1	V	1	-	-	-	i	Ø	ɪ	i	a	i	-	i	i	-	976:2	betel nut/areca
182-1	V	1	-	-	a	a	i	-	-	t	i	a	e	-	-	1034:2	betel vine
214-1	V	1	-	a	ə	ə	-	Ø	Ø	Ø	-	Ø	Ø	a	Ø	1229:0	stomach
247-1	V	1	-	i	a	o	i	-	i	Ø	i	e	i	i	Ø	1399:3	to bathe
257-1	V	1	-	-	-	e	e	-	-	-	i	i	i	i	i	1434:2	blood
287-1	V	1	-	a	a	-	e	Ø	-	a	e	a	-	-	a	1625:3	to plant 2
295-1	V	1	-	Ø	u	u	-	ə	u	-	u	Ø	u	Ø	Ø	1698:1	to spit
311-1	V	1	-	-	-	i	Ø	-	i	i	i	Ø	i	Ø	Ø	1818:2	tree
312-1	V	1	-	Ø	Ø	-	e	Ø	Ø	Ø	Ø	Ø	u	Ø	a	1822:3	turtle
345-1	V	1	-	Ø	i	o	Ø	Ø	Ø	a	a	a	-	Ø	Ø	2076:6	chase away/expel
352-1	V	1	-	u	o	o	Ø	u	Ø	Ø	a	u	a	Ø	Ø	2123:2	civet cat
24-9	C	9	ŋ	ŋ	ŋ	ŋ	ŋ	-	n	ŋ	n	ŋ	l	ŋ	-	694:4, 1227:5, 31:8, 179:2, 276:6, 887:2, 1173:4, 1271:6, 2240:4	dirty / fingernail / good / head / neck / right / spider / stick/pole / sweet
58-3	C	3	ŋ	ʔ	ŋ	ŋ	h	d	s	Ø	ŋ	Ø	Ø	Ø	Ø	88:4, 588:6, 964:4	float / marungga / rub
160-3	C	3	ŋ	n	n	r	n	n	n	Ø	n	n	r	ŋ	r	897:2, 1579:4, 2275:1	dust/fine earth / ripe / to kill
78-2	C	2	ŋ	Ø	Ø	Ø	l	Ø	l	Ø	Ø	ŋ	Ø	-	Ø	231:4, 1408:5	green / to breathe
248-2	C	2	ŋ	n	n	n	ŋ	Ø	n	n	n	-	n	ŋ	Ø	1408:2, 1474:2	to breathe / to die
321-2	C	2	ŋ	ŋ	ŋ	n	ŋ	n	n	ŋ	n	Ø	n	Ø	ŋ	1838:3, 2350:2	eye / village
51-1	C	1	ŋ	ŋ	Ø	n	ŋ	-	n	n	n	ŋ	n	ŋ	ŋ	55:4	five
390-1	C	1	ŋ	ŋ	ŋ	ŋ	ŋ	n	n	ŋ	ŋ	ŋ	n	ŋ	ŋ	2370:4	arm
5-10	C	10	Ø	h	-	s	s	h	s	tʃ	s	-	s	ʔ	s	402:0, 2267:0, 2267:2, 31:6, 254:3, 594:2, 1465:0, 1703:3, 2096:0, 2180:4	chicken / coral (rock) / dry / fingernail / guts / knife / mat / to dance / to split
26-7	C	7	Ø	t	h	s	p	t	s	s	Ø	k	s	s	s	978:3, 2235:5, 303:0, 874:4, 1035:0, 1408:3, 2095:0	chicken / dirty / heavy / rib / sand / shark / to breathe
6-4	C	4	Ø	Ø	-	-	Ø	d	Ø	ŋ	Ø	Ø	n	Ø	ŋ	276:2, 1297:4, 874:0, 882:4	head / rib / right / swim
30-3	C	3	Ø	Ø	m	-	Ø	h	m	m	m	Ø	m	Ø	ŋ	3:2, 308:1, 1146:3	fat / help / snake
38-3	C	3	Ø	ʔ	Ø	t	k	g	k	g	k	g	t	k	n	31:0, 1408:0, 2349:0	eye / fingernail / to breathe
42-3	C	3	Ø	ŋ	ŋ	ŋ	-	n	-	ŋ	-	Ø	n	Ø	ŋ	31:4, 1041:4, 1113:4	fingernail / sharp / sky
283-3	C	3	Ø	l	l	g	-	g	Ø	g	-	g	t	g	l	1612:0, 1773:0, 1781:0	to live / to wake s.o up / to walk
29-2	C	2	Ø	t	t	q	Ø	-	t	j	t	Ø	t	Ø	Ø	3:0, 190:2	ask (question) / fat
71-2	C	2	Ø	t	t	j	t	t	t	r	t	t	n	Ø	n	169:3, 897:0	garden / ripe
73-2	C	2	Ø	ʔ	v	g	Ø	t	g	t	Ø	Ø	g	Ø	g	190:0, 1430:2	ask (question) / to count
90-2	C	2	Ø	Ø	l	j	Ø	r	Ø	l	Ø	Ø	l	Ø	Ø	308:3, 821:1	help / rain
101-2	C	2	Ø	ʔ	s	s	-	Ø	Ø	tʃ	s	t	s	w	s	397:3, 1523:4	bad / to fight
104-2	C	2	Ø	b	t	t	Ø	t	Ø	-	Ø	Ø	t	Ø	-	440:0, 915:2	leaf / road/path
148-2	C	2	Ø	h	t	r	Ø	Ø	t	t	Ø	Ø	Ø	Ø	t	801:2, 1000:0	papaya / scratch
162-2	C	2	Ø	s	j	Ø	j	Ø	j	j	j	j	j	j	j	915:0, 1603:0	road/path / to laugh
169-2	C	2	Ø	l	r	Ø	l	Ø	-	Ø	-	r	-	r	l	964:0, 1673:2	rub / to sing
266-2	C	2	Ø	Ø	-	ʔ	Ø	Ø	Ø	-	Ø	Ø	n	Ø	g	1524:4, 1567:3	to flow / to hunt
269-2	C	2	Ø	ʔ	ʔ	g	-	g	g	g	-	-	j	-	g	1539:1, 1683:0	to give / to smell
300-2	C	2	Ø	Ø	Ø	-	Ø	Ø	-	ʔ	Ø	Ø	ʔ	Ø	ʔ	1765:4, 2018:2	bride price / to vomit
346-2	C	2	Ø	Ø	-	q	Ø	Ø	Ø	m	Ø	Ø	q	Ø	k	2095:3, 2161:0	chicken / cold
368-2	C	2	Ø	f	p	p	Ø	-	Ø	Ø	p	p	-	Ø	Ø	2270:0, 2288:0	dry in sun / earth
60-1	C	1	Ø	Ø	Ø	dʒ	Ø	Ø	Ø	dʒ	j	-	dʒ	-	h	99:0	fly
149-1	C	1	Ø	t	Ø	Ø	Ø	Ø	k	-	Ø	Ø	Ø	Ø	t	801:3	papaya
155-1	C	1	Ø	Ø	Ø	Ø	-	Ø	Ø	Ø	Ø	dʒ	Ø	m	Ø	824:1	rain
157-1	C	1	Ø	ʔ	j	-	Ø	Ø	-	Ø	Ø	Ø	j	Ø	Ø	861:2	rattan
165-1	C	1	Ø	m	m	m	Ø	-	m	m	m	m	m	m	Ø	925:0	roof thatch
168-1	C	1	Ø	n	ŋ	n	Ø	m	n	ŋ	n	ŋ	n	ŋ	Ø	925:3	roof thatch
192-1	C	1	Ø	n	n	n	-	n	n	n	n	n	-	n	n	1140:2	smoke
194-1	C	1	Ø	ʔ	k	ħ	n	-	k	-	q	k	n	k	n	1140:4	smoke
212-1	C	1	Ø	h	Ø	-	h	h	s	-	s	Ø	-	Ø	s	1215:2	bite
258-1	C	1	Ø	Ø	Ø	q	Ø	Ø	Ø	Ø	Ø	Ø	ħ	Ø	-	1465:2	to dance
260-1	C	1	Ø	Ø	Ø	-	Ø	Ø	Ø	Ø	Ø	Ø	ħ	Ø	h	1480:0	to dig
268-1	C	1	Ø	-	m	m	m	-	-	m	-	r	m	Ø	-	1539:0	to give
271-1	C	1	Ø	n	n	ŋ	n	n	-	n	n	n	n	Ø	n	1539:3	to give
302-1	C	1	Ø	Ø	Ø	n	n	ŋ	Ø	n	n	Ø	Ø	ŋ	Ø	1773:4	to wake s.o up
304-1	C	1	Ø	-	r	Ø	Ø	l	Ø	Ø	Ø	Ø	r	Ø	-	1781:4	to walk
324-1	C	1	Ø	t	Ø	t	Ø	-	t	t	Ø	Ø	t	Ø	Ø	1841:2	branch
326-1	C	1	Ø	ŋ	Ø	n	Ø	h	n	n	Ø	Ø	ŋ	Ø	Ø	1841:4	branch
332-1	C	1	Ø	Ø	-	j	Ø	Ø	Ø	j	Ø	Ø	j	Ø	-	1887:2	white
335-1	C	1	Ø	ʔ	-	g	Ø	b	g	Ø	Ø	Ø	ħ	Ø	g	1977:2	yellow
337-1	C	1	Ø	-	r	r	Ø	g	r	Ø	Ø	Ø	r	Ø	g	1977:4	yellow
339-1	C	1	Ø	Ø	ŋ	Ø	Ø	ŋ	Ø	Ø	Ø	Ø	Ø	n	Ø	1984:3	yesterday
356-1	C	1	Ø	Ø	dʒ	-	Ø	Ø	Ø	ħ	Ø	Ø	ʔ	Ø	Ø	2161:2	cold
364-1	C	1	Ø	Ø	Ø	-	Ø	Ø	Ø	b	Ø	Ø	b	Ø	Ø	2235:0	dirty
365-1	C	1	Ø	Ø	Ø	-	Ø	Ø	Ø	l	Ø	Ø	l	Ø	Ø	2235:1	dirty
386-1	C	1	Ø	Ø	Ø	q	Ø	Ø	Ø	g	Ø	Ø	g	Ø	-	2349:4	eye
387-1	C	1	Ø	Ø	h	s	Ø	Ø	Ø	ʔ	Ø	Ø	ʔ	Ø	Ø	2352:2	fall (from above)
67-3	C	3	w	f	v	-	w	Ø	w	w	w	w	w	w	Ø	161:0, 645:2, 1252:0	full / mouth / sun
77-3	C	3	w	w	v	-	w	w	w	-	-	w	-	w	w	231:0, 1329:2, 2337:6	eleven / green / teeth
76-2	C	2	w	w	v	w	w	w	w	-	w	w	w	w	-	215:1, 1399:0	grasshopper / to bathe
224-2	C	2	w	f	v	w	w	w	Ø	w	w	w	w	w	h	1292:0, 2157:0	coconut / swell
115-1	C	1	w	w	v	w	w	w	-	w	w	Ø	-	-	w	498:1	lime
241-1	C	1	w	d	v	Ø	Ø	w	w	s	w	Ø	w	Ø	w	1345:0	thatch
255-1	C	1	w	f	v	w	w	w	w	w	w	w	w	w	w	1434:0	blood
286-1	C	1	w	ŋ	ŋ	Ø	-	n	-	-	n	ŋ	n	-	ŋ	1624:4	to plant 1
350-1	C	1	w	Ø	v	s	w	Ø	Ø	Ø	w	k	g	w	Ø	2106:2	chin
372-1	C	1	w	Ø	Ø	w	w	w	Ø	w	-	w	w	w	-	2284:2	ear
12-7	C	7	v	f	v	w	w	w	w	w	w	w	w	w	w	177:2, 577:0, 577:2, 93:3, 440:2, 475:0, 1233:0	flower / good / leaf / light / mango / stone
252-2	C	2	v	w	-	w	w	w	w	w	Ø	Ø	-	Ø	Ø	1424:2, 1527:2	to cook / to flow
3-43	C	43	t	t	t	t	t	t	t	t	t	t	t	t	t	1108:0, 2264:0, 2264:4, 39:4, 601:3, 1524:0, 1524:2, 206:0, 961:0, 1112:0, 788:0, 788:2, 88:0, 138:1, 387:0, 472:0, 518:0, 708:0, 972:0, 1006:0, 1065:0, 1157:2, 1195:0, 1199:0, 1229:1, 1297:0, 1336:0, 1354:0, 1358:0, 1366:1, 1418:1, 1430:0, 1485:0, 1523:0, 1527:0, 1625:0, 1637:0, 1737:0, 1773:2, 1818:0, 2076:2, 2349:2, 2370:2	(coral) reef / arm / arrow / bone / chase away/expel / dry / eye / float / four / grass/brush / jackfruit / lie down / long / millet / oven / rub / run / sea/salt water / short / six / sore/wound / stab / stand / stomach / swim / tendon / thick / thin / three / to close / to count / to dig / to fight / to flow / to plant 2 / to pound / to wake s.o up / tree
15-7	C	7	t	h	-	s	s	h	s	s	s	t	s	t	s	1354:4, 1815:2, 55:2, 608:2, 1199:2, 1371:0, 2345:1	bow / excrement / five / monitor lizard / stand / thick / three
28-5	C	5	t	t	k	q	k	t	t	q	Ø	Ø	q	Ø	k	2199:0, 2235:3, 528:2, 1196:0, 1924:0	breadfruit / correct / dirty / lontar palm / stab
83-4	C	4	t	tʃ	t	t	-	t	t	t	t	Ø	-	-	-	276:4, 645:0, 911:0, 1748:2	bedbug / head / mouth / to tie
40-2	C	2	t	t	t	t	-	t	-	t	-	w	-	n	t	31:2, 2106:0	chin / fingernail
124-2	C	2	t	m	m	t	Ø	p	Ø	Ø	t	Ø	w	Ø	m	588:2, 1781:2	marungga / to walk
229-2	C	2	t	n	t	t	-	g	t	g	-	g	g	n	n	1329:0, 2370:0	arm / teeth
347-2	C	2	t	ʔ	t	t	-	g	t	g	Ø	Ø	g	Ø	w	2101:0, 2350:0	child / eye
66-1	C	1	t	Ø	h	s	h	h	Ø	tʃ	s	Ø	s	Ø	Ø	155:1	fruit
130-1	C	1	t	ʔ	t	t	n	g	t	g	-	g	Ø	Ø	n	664:0	name
134-1	C	1	t	h	h	s	s	h	s	s	s	t	Ø	t	s	717:0	new (house)
183-1	C	1	t	tʃ	t	t	s	h	s	t	t	s	t	s	t	1034:3	betel vine
187-1	C	1	t	h	-	s	Ø	h	s	s	s	t	-	t	s	1106:2	sit
232-1	C	1	t	h	-	s	h	h	s	s	s	Ø	s	Ø	s	1329:4	teeth
305-1	C	1	t	t	Ø	t	Ø	g	t	g	-	Ø	g	Ø	n	1806:0	tongue
355-1	C	1	t	ʔ	t	t	t	Ø	Ø	t	t	t	t	t	Ø	2157:2	coconut
370-1	C	1	t	Ø	Ø	t	-	g	Ø	g	-	-	-	n	n	2284:0	ear
383-1	C	1	t	Ø	Ø	-	s	Ø	Ø	Ø	h	Ø	h	Ø	h	2340:0	empty
25-12	C	12	r	d	d	d	t	d	d	d	d	d	d	d	d	882:2, 1146:0, 15:4, 112:1, 858:0, 961:2, 1050:0, 1271:0, 1350:0, 1424:0, 1624:2, 1673:0	ash / feverish / rat / right / rub / shine / snake / sweet / thick / to cook / to plant 1 / to sing
145-3	C	3	r	b	m	p	t	d	d	f	d	Ø	d	Ø	l	775:2, 1567:5, 1924:3	bat / breadfruit / to hunt
45-2	C	2	r	r	t	s	-	-	r	r	d	-	r	w	-	35:3, 2337:2	eleven / fire
68-2	C	2	r	b	Ø	b	p	b	Ø	m	b	Ø	-	Ø	b	169:0, 1544:0	garden / to guard
195-2	C	2	r	d	d	-	t	d	d	Ø	d	d	r	t	Ø	1144:0, 2139:2	climb / smooth
291-1	C	1	r	dʒ	d	d	Ø	d	Ø	d	d	d	d	d	Ø	1659:2	body hair
377-1	C	1	r	d	-	Ø	Ø	Ø	Ø	Ø	Ø	Ø	Ø	Ø	Ø	2330:0	egg
14-9	C	9	p	p	p	p	f	p	p	f	p	Ø	p	p	p	1354:2, 1815:0, 243:0, 996:0, 1008:2, 1637:2, 1737:4, 1748:0, 2260:1	bone / bow / dream / gum tree/eucalyptus / scorpion / search/hunt for / thick / to pound / to tie
79-4	C	4	p	-	p	p	f	g	p	p	p	-	p	-	p	242:0, 874:1, 1195:2, 1625:2	gum tree/eucalyptus / rib / stab / to plant 2
276-1	C	1	p	p	p	p	f	p	p	p	p	Ø	p	Ø	p	1564:0	to hold
294-1	C	1	p	Ø	p	p	p	p	p	p	p	Ø	p	Ø	Ø	1698:0	to spit
8-11	C	11	n	n	n	n	n	ŋ	ŋ	n	n	n	n	n	n	765:0, 765:2, 946:2, 2199:3, 190:4, 518:3, 601:0, 631:0, 1480:2, 1512:0, 1839:2	ask (question) / correct / long / millet / mother / older sibling / rotten / to dig / to eat / village
86-5	C	5	n	n	n	ŋ	n	n	n	ŋ	n	Ø	n	n	Ø	283:2, 621:2, 823:1, 945:2, 1148:2	headlice / mosquito / rain / rotten / snake
81-2	C	2	n	n	-	-	-	Ø	n	g	Ø	Ø	g	Ø	n	276:0, 2337:3	eleven / head
140-2	C	2	n	n	n	n	n	n	n	n	n	n	n	n	n	773:0, 1498:0	one / to drink
239-2	C	2	n	n	n	n	ŋ	n	n	n	n	n	n	ŋ	Ø	1342:3, 1612:7	black / to live
132-1	C	1	n	ŋ	n	n	-	n	n	n	n	n	Ø	Ø	n	664:2	name
278-1	C	1	n	n	n	n	n	n	n	n	ŋ	Ø	n	Ø	n	1564:2	to hold
297-1	C	1	n	Ø	ŋ	ŋ	-	n	ŋ	m	n	Ø	n	Ø	Ø	1698:4	to spit
9-29	C	29	m	m	m	m	m	m	m	m	m	m	m	m	m	1041:0, 1887:0, 946:0, 1112:3, 1982:0, 12:2, 15:2, 343:2, 514:1, 562:0, 708:2, 728:2, 734:2, 911:2, 945:0, 1034:0, 1106:0, 1148:0, 1350:2, 1474:0, 1503:0, 1624:0, 1628:0, 1659:0, 1683:2, 1984:0, 2012:1, 2139:0, 2240:0	(coral) reef / banana / bedbug / betel vine / body hair / breast / climb / dirty / father / feverish / horn / liver / nose / old (people) / rotten / sharp / sit / six / snake / thick / to die / to drop / to plant 1 / to play / to smell / white / yesterday
22-6	C	6	m	Ø	p	g	m	g	g	g	m	m	g	m	m	694:2, 1839:0, 482:0, 1129:0, 1575:0, 1982:4	bamboo / neck / slave / to kill / village / yesterday
31-6	C	6	m	n	n	n	ŋ	n	n	n	m	n	n	n	n	12:0, 178:0, 718:3, 817:1, 1332:3, 1612:2	father / good / night / person / ten / to live
98-2	C	2	m	ŋ	ŋ	Ø	n	n	m	Ø	n	Ø	Ø	Ø	Ø	387:2, 1108:4	jackfruit / six
123-2	C	2	m	Ø	t	m	Ø	n	n	Ø	m	ŋ	Ø	ŋ	Ø	588:0, 728:4	marungga / nose
222-2	C	2	m	m	k	g	Ø	m	m	Ø	Ø	m	q	Ø	Ø	1278:0, 1703:0	bitter / to split
274-2	C	2	m	Ø	v	w	m	m	m	v	Ø	m	w	Ø	Ø	1551:0, 2161:4	cold / to hear
143-1	C	1	m	Ø	d	Ø	m	m	m	Ø	m	Ø	m	Ø	k	775:0	bat
179-1	C	1	m	ŋ	ŋ	m	m	n	n	Ø	m	m	Ø	m	Ø	1006:2	sea/salt water
10-24	C	24	l	l	l	l	l	l	l	l	l	l	l	l	l	39:2, 528:4, 1113:2, 100:0, 161:2, 231:2, 242:3, 475:2, 588:4, 801:5, 861:0, 1050:3, 1108:2, 1182:0, 1271:2, 1278:4, 1393:0, 1433:2, 1628:2, 1779:0, 1806:2, 1984:1, 2105:1, 2337:8	arrow / bitter / child / eleven / fly / full / green / gum tree/eucalyptus / light / lontar palm / marungga / papaya / rattan / shine / six / sky / squat/crouch / sweet / to bark / to count / to play / to walk / tongue / yesterday
173-3	C	3	l	-	Ø	w	-	l	l	j	l	l	-	l	Ø	978:0, 1156:3, 1527:4	bird / sand / to flow
109-2	C	2	l	l	-	l	Ø	Ø	s	l	Ø	Ø	Ø	Ø	t	467:3, 788:3	lie (tell untruth) / oven
196-1	C	1	l	l	l	r	l	l	l	Ø	r	Ø	Ø	l	Ø	1144:2	smooth
246-1	C	1	l	l	l	j	-	l	l	Ø	l	l	-	l	Ø	1399:2	to bathe
4-23	C	23	k	ʔ	b	q	k	k	k	q	k	k	q	k	k	944:0, 1227:3, 1335:4, 1612:5, 98:0, 98:2, 887:0, 872:1, 2240:2, 15:0, 39:0, 93:0, 178:2, 382:2, 718:1, 929:3, 972:2, 1182:2, 1433:4, 1492:2, 1644:4, 2180:2, 2244:0	arrow / coral (rock) / dirty / dog / feverish / flower / good / itchy / night / red / right / root / rope / run / squat/crouch / stick/pole / ten / to count / to divide / to live / to pull
85-13	C	13	k	ʔ	-	k	-	k	k	k	k	k	k	k	k	283:0, 343:4, 390:3, 621:0, 911:4, 1065:2, 1132:2, 1332:5, 1358:2, 1523:2, 1734:0, 1765:0, 2264:2	bedbug / bone / dry / headlice / horn / knee / mosquito / short / small / ten / thin / to fight / to vomit
7-8	C	8	k	-	-	ħ	-	k	k	q	Ø	s	q	k	k	379:0, 379:2, 2337:0, 2337:5, 177:0, 1003:0, 1332:0, 2180:0	coral (rock) / eleven / good / itchy / scratch / ten
72-3	C	3	k	k	-	-	k	Ø	m	k	Ø	k	q	k	k	179:0, 276:3, 801:0	good / head / papaya
107-3	C	3	k	k	k	k	k	k	k	k	Ø	Ø	k	Ø	k	467:1, 1132:0, 1822:2	lie (tell untruth) / small / turtle
142-2	C	2	k	-	-	k	k	k	k	k	k	k	k	-	k	773:2, 1523:6	one / to fight
206-2	C	2	k	-	-	-	k	k	k	Ø	-	j	w	t	Ø	1196:2, 2106:5	chin / stab
333-2	C	2	k	-	dʒ	q	Ø	k	k	q	-	k	q	k	k	1887:4, 2176:3	cooked rice / white
201-1	C	1	k	Ø	ʔ	ħ	k	k	k	Ø	q	Ø	Ø	Ø	k	1165:0	spear
216-1	C	1	k	ʔ	w	k	k	Ø	Ø	Ø	k	Ø	Ø	k	Ø	1229:3	stomach
223-1	C	1	k	ʔ	m	Ø	Ø	k	k	Ø	Ø	k	Ø	Ø	Ø	1278:2	bitter
238-1	C	1	k	ʔ	k	ħ	Ø	k	k	q	q	k	ʔ	k	Ø	1342:1	black
316-1	C	1	k	l	r	ħ	Ø	k	k	Ø	q	Ø	q	Ø	k	1829:3	two
382-1	C	1	k	ŋ	Ø	Ø	-	Ø	k	Ø	Ø	Ø	Ø	Ø	j	2337:10	eleven
100-4	C	4	j	-	-	j	j	Ø	Ø	j	j	j	j	Ø	j	397:0, 1822:0, 1982:2, 2224:0	bad / dibble stick / turtle / yesterday
48-3	C	3	j	-	dʒ	-	-	-	j	j	j	j	j	w	j	55:0, 882:0, 2243:0	dog / five / right
164-2	C	2	j	r	r	Ø	-	r	r	j	r	Ø	r	Ø	Ø	915:4, 1834:1	road/path / vagina
281-2	C	2	j	l	r	r	-	r	r	Ø	r	r	r	r	l	1603:2, 2123:1	civet cat / to laugh
314-1	C	1	j	-	-	r	Ø	r	r	Ø	r	Ø	r	Ø	l	1829:1	two
327-1	C	1	j	s	dʒ	dʒ	-	-	-	j	j	-	j	-	Ø	1857:0	water (fresh)
87-7	C	7	h	r	-	g	s	k	g	ħ	Ø	s	ħ	s	g	303:2, 1041:2, 1197:0, 1366:3, 1739:0, 1972:1, 2224:2	bone / dibble stick / heavy / sharp / stab / three / yawn
16-6	C	6	h	Ø	Ø	t	-	g	t	g	-	g	g	n	-	14:0, 694:0, 254:0, 390:0, 634:0, 728:0	father / guts / knee / mother / neck / nose
92-4	C	4	h	ʔ	-	g	g	g	g	g	-	g	ħ	g	Ø	343:0, 1433:0, 1602:1, 1644:0	horn / to count / to laugh / to pull
120-3	C	3	h	ʔ	-	g	-	g	Ø	Ø	g	l	ħ	l	g	562:2, 1779:3, 2208:2	banana / crocodile / to walk
210-3	C	3	h	ʔ	m	s	-	g	g	tʃ	-	j	s	p	g	1215:0, 1551:2, 1579:2	bite / to hear / to kill
227-3	C	3	h	-	-	g	w	g	g	g	-	g	g	w	g	1305:0, 1740:0, 2018:0	bride price / tail / to throw
199-2	C	2	h	Ø	r	r	t	Ø	d	d	d	d	d	d	Ø	1156:1, 2288:2	bird / earth
322-2	C	2	h	-	-	g	Ø	-	g	g	-	-	g	Ø	Ø	1841:0, 2076:0	branch / chase away/expel
17-8	C	8	f	b	b	b	p	b	b	f	b	p	f	p	p	14:2, 944:2, 38:1, 59:0, 1247:1, 1575:2, 1579:0, 1644:2	father / fish / flat / rope / sugarcane / to kill / to pull
63-8	C	8	f	b	b	b	p	b	b	f	b	b	f	b	b	101:1, 324:0, 1035:2, 1165:2, 1205:1, 1492:0, 1838:1, 2243:2	dog / fly (n.) / hole / shark / spear / star / to divide / village
126-8	C	8	f	b	b	b	p	b	b	b	b	Ø	b	b	b	594:0, 734:0, 1113:0, 1859:0, 1977:0, 2208:0, 2275:0, 2352:0	crocodile / dust/fine earth / fall (from above) / mat / old (people) / sky / wave / yellow
151-3	C	3	f	b	b	b	p	b	b	b	b	p	b	p	b	820:0, 976:0, 1140:0	betel nut/areca / pig / smoke
177-2	C	2	f	Ø	b	b	Ø	b	b	b	Ø	r	f	p	Ø	1003:2, 1157:0	scratch / sore/wound
136-1	C	1	f	b	b	b	p	b	b	v	b	p	Ø	p	b	717:2	new (house)
308-1	C	1	f	b	Ø	b	Ø	b	b	f	b	Ø	v	Ø	b	1806:4	tongue
96-5	C	5	dʒ	-	r	r	l	r	r	-	r	r	r	r	-	382:0, 1035:4, 1332:2, 2243:4, 2270:2	dog / dry in sun / itchy / shark / ten
189-3	C	3	dʒ	ʔ	r	r	-	-	r	-	r	r	r	r	Ø	1129:3, 1305:2, 1492:4	slave / tail / to divide
358-1	C	1	dʒ	l	Ø	n	Ø	r	r	-	-	r	-	r	Ø	2176:1	cooked rice
56-4	C	4	d	d	d	d	t	t	-	r	Ø	Ø	d	d	Ø	88:2, 319:1, 1503:2, 2029:0	burn/shine / float / hit (drum) / to drop
207-2	C	2	d	ʔ	j	ħ	Ø	-	-	Ø	Ø	Ø	-	Ø	Ø	1196:3, 1703:2	stab / to split
379-1	C	1	b	-	d	Ø	Ø	Ø	Ø	Ø	Ø	Ø	Ø	Ø	Ø	2330:2	egg
54-21	C	21	-	l	r	r	l	r	r	l	r	r	r	r	l	59:3, 99:2, 100:2, 112:3, 231:6, 608:0, 929:1, 1008:0, 1173:2, 1292:2, 1297:2, 1336:2, 1418:3, 1567:1, 1575:4, 1602:3, 1734:2, 1737:2, 1739:2, 1765:2, 2076:5	ash / bone / chase away/expel / flat / fly / green / monitor lizard / root / search/hunt for / spider / swell / swim / tendon / to close / to hunt / to kill / to laugh / to vomit
117-5	C	5	-	-	r	r	-	r	r	-	r	r	r	r	-	498:3, 823:4, 858:2, 1612:4, 2260:3	dream / lime / rain / rat / to live
27-4	C	4	-	m	d	d	t	d	-	-	-	d	-	d	-	1227:0, 1335:1, 35:1, 1924:2	breadfruit / fire / stick/pole / ten
34-4	C	4	-	ŋ	ŋ	m	Ø	n	n	Ø	-	ŋ	m	ŋ	-	12:4, 817:3, 1683:5, 2275:4	dust/fine earth / father / person / to smell
70-3	C	3	-	-	r	r	l	r	r	ħ	r	k	r	r	n	169:2, 996:2, 1003:4	garden / scorpion / scratch
88-3	C	3	-	w	v	Ø	Ø	r	w	Ø	Ø	Ø	r	Ø	-	303:4, 631:2, 1271:4	heavy / mother / sweet
147-3	C	3	-	h	l	Ø	-	l	l	Ø	l	w	-	-	r	775:4, 964:2, 1197:2	bat / rub / stab
103-2	C	2	-	Ø	t	-	-	Ø	Ø	j	r	Ø	ʔ	Ø	l	402:2, 482:2	bamboo / knife
204-2	C	2	-	ʔ	k	k	k	-	Ø	Ø	k	Ø	Ø	Ø	k	1173:0, 1544:2	spider / to guard
218-2	C	2	-	-	r	r	-	r	r	l	r	r	r	r	Ø	1233:2, 1698:2	stone / to spit
221-2	C	2	-	d	d	-	t	Ø	Ø	-	d	d	t	d	k	1252:2, 1465:5	sun / to dance
234-1	C	1	-	ŋ	ŋ	ŋ	-	-	-	ŋ	-	Ø	n	Ø	ŋ	1329:6	teeth
244-1	C	1	-	ʔ	j	Ø	Ø	-	-	j	j	Ø	ʔ	Ø	-	1345:3	thatch
273-1	C	1	-	ŋ	Ø	ŋ	n	k	Ø	Ø	n	Ø	Ø	Ø	ŋ	1544:4	to guard
299-1	C	1	-	d	d	d	Ø	d	-	Ø	d	Ø	Ø	Ø	Ø	1740:2	to throw
329-1	C	1	-	-	r	r	l	r	r	l	r	r	r	r	Ø	1857:2	water (fresh)
331-1	C	1	-	b	Ø	b	Ø	b	Ø	v	b	Ø	f	Ø	Ø	1859:2	wave
353-1	C	1	-	m	-	w	Ø	ʔ	Ø	Ø	w	w	w	Ø	Ø	2123:3	civet cat
360-1	C	1	-	dʒ	Ø	r	Ø	-	-	r	r	m	r	d	Ø	2176:5	cooked rice
374-1	C	1	-	Ø	Ø	r	-	r	Ø	ʔ	r	r	r	r	w	2284:4	ear
384-1	C	1	-	Ø	Ø	s	-	Ø	Ø	Ø	s	Ø	s	Ø	k	2340:2	empty
385-1	C	1	-	Ø	Ø	k	-	Ø	Ø	Ø	k	Ø	k	Ø	s	2340:4	empty
166-1	0	1	Ø	ɪ	e	a	Ø	e	e	a	e	a	a	e	Ø	925:1	roof thatch
