ID	STRUCTURE	FREQUENCY	Beijing	Changsha	Chengdu	Guangzhou	Guixian	Hangzhou	Hefei	Jinan	Kunming	Meixian	Nanchang	Shanghai	Shexian	Taiyuan	Xiamen	COGNATESETS	CONCEPTS
13-3	V	3	ʅ	ʅ	ɿ	ɐ	ɿ	ə	ə	ʅ	ʅ	ə	ɨ	ə	i	ə	a	472:1, 720:1, 510:1	eleven / forefinger / ten
132-2	V	2	ʅ	ʅ	ɿ	y	ɿ	y	ə	ʅ	ʅ	u	-	Ø	u	ə	Ø	177:1, 396:5	fingernail / sweet potato
138-2	V	2	ʅ	ɿ	ɿ	Ø	ɿ	ɿ	Ø	ɿ	Ø	ɿ	ɿ	ɿ	ɿ	ɿ	Ø	645:4, 659:1	cook / self
291-1	V	1	ʅ	ʅ	Ø	i	Ø	Ø	ə	ʅ	ə	i	i	ɪ	i	Ø	i	225:2	sun
371-1	V	1	ʅ	ʅ	ɿ	i	ɿ	ə	ə	ʅ	ʅ	a	ɨ	ə	i	Ø	i	551:1	only
455-1	V	1	ʅ	ʅ	-	i	ɿ	ɿ	Ø	ʅ	ʅ	-	Ø	ɿ	Ø	ə	-	763:5	forefinger
485-1	V	1	ʅ	Ø	ɿ	ɐ	Ø	-	Ø	Ø	Ø	i	Ø	ə	Ø	Ø	i	831:6	sunflower
72-12	V	12	ɿ	ɿ	ɿ	i	ɿ	ɿ	ə	ɿ	ɿ	i	ɿ	ɿ	a	ə	Ø	3:1, 5:5, 160:5, 301:4, 371:10, 372:6, 438:4, 487:4, 526:5, 652:4, 734:9, 843:5	beggar / boy / chopsticks / die / house / mouse / neck / nose / son / spoon / table / wheat / window
52-2	V	2	ɿ	ɿ	ɿ	e	ɿ	ɿ	ɿ	ɿ	ɿ	i	ɿ	ɿ	ɿ	ɿ	i	136:1, 845:1	fat / four
352-1	V	1	ɿ	Ø	ɿ	Ø	ɿ	Ø	ə	ʅ	ɿ	ɿ	Ø	ɿ	Ø	ə	i	502:4	cook
434-1	V	1	ɿ	Ø	ɿ	Ø	Ø	Ø	ə	-	ɿ	Ø	Ø	Ø	Ø	ə	Ø	712:9	beggar
159-5	V	5	ɤ	o	o	ɔ	o	o	Ø	ə	ə	o	ɔ	o	ɔ	ɤ	o	95:5, 143:1, 144:1, 333:1, 392:4	and / forehead / how / rain / snow
450-1	V	1	ɤ	e	e	i	ɛ	ə	ɐ	ə	ə	a	ɛ	ɪ	e	a	a	748:1	hot
461-1	V	1	ɤ	Ø	ə	Ø	Ø	Ø	Ø	ə	Ø	Ø	Ø	Ø	Ø	a	Ø	764:1	here
67-3	V	3	ɛ	e	e	y	ɛ	ə	ɐ	ə	ɛ	e	ɵ	ɪ	e	ə	e	144:6, 191:6, 602:1	moon / snow
208-2	V	2	ɛ	e	e	u	ɛ	Ø	ɐ	ə	ɛ	-	Ø	a	Ø	Ø	Ø	289:2, 452:5	father / old man
404-1	V	1	ɛ	Ø	e	i	ɛ	ə	i	Ø	ɛ	a	ɛ	ɪ	Ø	Ø	a	646:2	freeze
198-6	V	6	ə	i	i	ɐ	ɛ	i	ə	i	Ø	Ø	Ø	i	ɛ	ə	e	42:5, 711:4, 382:12, 389:1, 550:9, 811:6	beggar / husband / man / rooster / wheat / wife / woman
80-4	V	4	ə	ə	ə	ɐ	e	e	ə	ẽ	ə̃	i	ɛ	i	ʌ̃	ə	Ø	8:4, 468:4, 642:4, 772:1	and / husband / man / wife / woman
255-3	V	3	ə	Ø	-	Ø	-	ɔ	ə	ə	Ø	e	ɛu	ɔ	ɔ	Ø	ã	3:4, 358:1, 496:2	classifier (pillow) / die / how
28-2	V	2	ə	o	o	o	Ø	o	ə	ə	o	u	u	o	ʌ̃	Ø	ɔ	273:5, 747:4	blow / catch a cold
40-2	V	2	ə	o	o	Ø	o	o	o	ə	ə	Ø	o	Ø	o	ɤ	Ø	587:4, 795:4	that / what kind of / who
93-2	V	2	ə	ə	ə	Ø	e	e	ə	ə	ə̃	Ø	ɑ	ã	ɛ	ə	i	221:1, 759:5	cold / spoon
130-2	V	2	ə	Ø	ə	u	Ø	e	ɑ̃	ə	Ø	a	ɨ	ə	Ø	ə	ã	367:1, 462:5	just right / right / window
188-2	V	2	ə	Ø	o	Ø	e	o	Ø	ə	o	Ø	Ø	o	ɛ	ə	ĩ	232:5, 239:5	blow / doctor
202-2	V	2	ə	Ø	o	-	o	Ø	Ø	ə	ə	Ø	-	ɤ	u	Ø	Ø	560:5, 883:4	knee / leg / this / under
231-2	V	2	ə	Ø	o	Ø	ə	Ø	ʊ	-	ə	Ø	ɛ	Ø	o	Ø	Ø	193:5, 539:7	become sick
252-2	V	2	ə	Ø	Ø	-	Ø	Ø	Ø	u	u	Ø	Ø	Ø	ʌ̃	ə	Ø	507:4, 699:5	cold / freeze / wife
270-1	V	1	ə	ə	ə	i	ɚ	ə	a	ə	ə	i	ɵ	i	a	ə	i	92:0	two
302-1	V	1	ə	ə	ə	i	ɚ	ə	a	ə	ə	o	ɵ	i	a	ə	-	306:0	twenty / two / two ounces
379-1	V	1	ə	ə	Ø	u	e	e	ə	Ø	ə̃	Ø	ɨ	Ø	Ø	Ø	Ø	564:1	doorsills
424-1	V	1	ə	ə	ə	i	ɚ	ə	Ø	ə	ə	i	ɵ	i	ɛ	ə	Ø	683:3	second
445-1	V	1	ə	ə	ə	ɐ	e	e	ə	Ø	ə̃	e	ɛ	ã	Ø	ə	i	737:3	doctor
502-1	V	1	ə	Ø	e	Ø	ɿ	Ø	Ø	ə	ʅ	Ø	Ø	Ø	Ø	Ø	Ø	883:1	this
155-11	V	11	ɑ	a	a	ɔ	a	ɑ	ɑ̃	a	ã̱	o	ɔ	ɑ̃	o	ɒ̃	a	5:1, 19:1, 124:1, 129:2, 181:1, 184:7, 231:1, 372:2, 494:4, 550:1, 861:1	dirty / fat / hail / house / husband / kitchen / moon / on / window
232-11	V	11	ɑ	a	a	ɔ	a	ɔ	ɑ̃	ɔ	ɔ	Ø	ɔ	-	ɔ	a	Ø	49:1, 61:1, 305:1, 371:2, 382:1, 408:2, 438:1, 526:2, 605:1, 641:1, 759:2	and / beggar / boy / breakfast / chicken / instead of / kitchen / mouse / old man / son / spoon
11-7	V	7	ɑ	a	a	œ	a	ɑ	ɑ̃	a	ã̱	o	ɔ	ã	a	ɒ̃	-	78:2, 300:2, 449:2, 517:1, 602:5, 664:1, 893:1	bedbug / daughter / doctor / girl / just right / long / moon / mother / soya sauce / well smelling
99-5	V	5	ɑ	a	a	o	a	ɔ	ɔ	ɔ	ɔ	a	ɑ	ɔ	ɔ	a	ɔ	260:4, 465:1, 539:4, 664:5, 797:1	become sick / breakfast / catch a cold / husband / just right / lunch
92-4	V	4	ɑ	a	a	œ	a	ɑ	ɑ̃	a	ã̱	o	ɔ	ɑ̃	a	ɒ̃	Ø	249:1, 273:1, 406:1, 462:1	catch a cold / in the middle / on / window
256-3	V	3	ɑ	Ø	-	Ø	a	ɑ	ɐ	ɔ	ə	Ø	ɔ	o	Ø	a	Ø	160:1, 371:7, 392:7	beggar / how / spoon
156-2	V	2	ɑ	a	a	o	a	ɔ	Ø	a	ɔ	Ø	ɔ	ɔ	ɔ	Ø	a	321:4, 556:1	bedbug / hail
161-2	V	2	ɑ	u	a	a	a	u	Ø	-	Ø	Ø	u	u	u	a	ɔ	219:1, 382:4	beggar / classifier (vehicle)
250-2	V	2	ɑ	Ø	Ø	Ø	Ø	Ø	ɑ̃	ã	Ø	Ø	Ø	Ø	ɛ	e	ũ	358:5, 840:2	how / salt
306-1	V	1	ɑ	a	a	œ	a	ɑ	ɑ̃	a	ã̱	o	ɔ	ã	i	ɒ̃	-	306:4	twenty / two / two ounces
325-1	V	1	ɑ	a	a	o	a	ɔ	Ø	ɔ	ɔ	a	ɑ	ɔ	Ø	a	o	383:1	nurse
344-1	V	1	ɑ	a	a	œ	a	ɑ	ɑ̃	a	ã̱	Ø	i	ã	a	ɒ̃	ɔ	456:5	sun
364-1	V	1	ɑ	a	a	o	a	ɔ	ɔ	ɔ	ɔ	a	ɑ	-	-	a	Ø	548:1	father / mother / mouse / old man / sun / wife
432-1	V	1	ɑ	Ø	a	Ø	Ø	Ø	ɔ	ɔ	-	Ø	Ø	Ø	Ø	a	Ø	712:2	beggar
463-1	V	1	ɑ	a	o	o	a	Ø	ɑ̃	a	ã̱	Ø	ɔ	Ø	a	ɒ̃	i	765:1	rainbow
470-1	V	1	ɑ	Ø	-	Ø	Ø	Ø	Ø	a	Ø	Ø	Ø	Ø	Ø	ɒ̃	Ø	787:1	lunch
480-1	V	1	ɑ	o	ə	œ	o	Ø	Ø	ə	o	Ø	ɔ	a	ɔ	a	Ø	816:5	sparrow
190-3	V	3	Ø	a	a	a	a	ɔ	ɔ	a	ə	a	ɑ	ɔ	ɔ	a	a	73:1, 217:1, 466:1	boy / father / left hand / on / there / wheat
197-3	V	3	Ø	a	a	a	a	ẽ̞	ɪ̃	ɛ	ɛ̃	a	o	i	e	a	Ø	71:6, 302:1, 320:1	chimney / here / in the middle / what kind of / where
245-3	V	3	Ø	a	a	y	a	ɑ	ɔ	ɔ	ɔ	a	ɵ	ɪ	i	Ø	Ø	184:2, 650:2, 660:1	classifier (cow) / moon / nose
129-2	V	2	Ø	ɿ	ɿ	-	ɿ	ɔ	ə	Ø	Ø	e	ɿ	ɿ	-	-	Ø	218:4, 302:12	here / humpback / what kind of / where
141-2	V	2	Ø	a	a	ɐ	a	ẽ̞	æ̃	ã	Ø	Ø	ɵ	ø	-	æ̃	a	260:1, 408:5	catch a cold / spoon
177-2	V	2	Ø	i	i	i	ɿ	ɑ	ɿ	i	ɿ	Ø	i	o	Ø	i	e	426:1, 503:1	self / under
192-2	V	2	Ø	i	-	ɐ	Ø	Ø	Ø	Ø	ə	i	i	e	Ø	ə	i	230:1, 256:5	thunder (verb) / today
207-2	V	2	Ø	ʅ	i	ɐ	i	Ø	Ø	ẽ	ʅ	i	i	Ø	Ø	ə	i	230:5, 733:1	today
240-2	V	2	Ø	a	Ø	Ø	Ø	ɑ	Ø	a	a̱	Ø	Ø	a	a	ə	Ø	390:1, 498:1	and / there
269-1	V	1	Ø	o	o	Ø	a	i	Ø	Ø	ã̱	Ø	o	Ø	o	Ø	Ø	90:4	chicken / wife
284-1	V	1	Ø	Ø	a	a	a	e	ɿ	a	Ø	a	ɑ	Ø	ɛ	Ø	e	217:4	boy / father / left hand / wheat
309-1	V	1	Ø	e	e	ɐ	o	ə	ə	e	ə	e	o	e	o	a	e	307:1	classifier (person)
316-1	V	1	Ø	-	e	-	ɛ	ə	ɐ	Ø	ə	-	ɛ	Ø	Ø	Ø	Ø	336:1	fingernail / knee
317-1	V	1	Ø	i	i	ɐ	i	o	ə	Ø	i	i	i	Ø	Ø	Ø	Ø	336:4	fingernail / knee
337-1	V	1	Ø	Ø	əu	Ø	Ø	Ø	Ø	Ø	Ø	Ø	Ø	-	Ø	əu	Ø	434:4	right
356-1	V	1	Ø	a	a	Ø	Ø	i	a	a	Ø	Ø	ɑ	i	Ø	a	e	503:4	under
384-1	V	1	Ø	Ø	ə	Ø	Ø	Ø	Ø	ẽ	Ø	Ø	Ø	ə	ʌ̃	Ø	Ø	595:1	doorsills
392-1	V	1	Ø	a	Ø	ɔ	a	ɑ	ɑ̃	a	a	Ø	ɔ	Ø	o	a	-	625:2	classifier (pillow)
402-1	V	1	Ø	a	a	Ø	a	ɑ	ɑ̃	a	ã̱	u	ɔ	ɑ̃	o	Ø	a	643:2	classifier (pair)
408-1	V	1	Ø	u	u	Ø	o	Ø	-	-	-	u	Ø	Ø	Ø	Ø	Ø	650:6	classifier (cow)
473-1	V	1	Ø	ʅ	Ø	Ø	e	Ø	Ø	Ø	ə	Ø	Ø	Ø	a	Ø	Ø	792:1	flash (verb)
489-1	V	1	Ø	a	a	ɐ	a	Ø	Ø	Ø	ɔ	Ø	Ø	Ø	u	Ø	a	841:1	head
495-1	V	1	Ø	Ø	a	Ø	Ø	ɔ	ɔ	ɔ	ɔ	a	ɑ	ɔ	ɔ	Ø	a	850:1	mouse
114-3	V	3	y	y	y	ø	i	y	y	y	i	Ø	Ø	y	y	y	u	170:9, 468:1, 711:1	daughter / wife / woman
184-3	V	3	y	y	y	y	i	y	y	y	i	i	y	y	y	y	ɔ	143:4, 192:4, 500:1	daughter / girl / rain
181-2	V	2	w	Ø	w	Ø	Ø	Ø	-	w	Ø	Ø	Ø	Ø	Ø	w	-	170:4, 179:4	daughter / leg
106-10	V	10	u	o	o	o	o	o	ə	u	o	u	u	o	ʌ̃	ə	a	54:5, 71:1, 74:1, 339:1, 406:5, 511:4, 668:1, 699:1, 797:4, 893:5	bedbug / chimney / cold / doctor / freeze / from / husband / in the middle / lunch / sweet potato
242-5	V	5	u	u	u	-	o	Ø	Ø	u	o	u	u	Ø	-	u	Ø	129:6, 302:7, 408:6, 645:7, 686:6	classifier (pig) / cook / here / spoon / what kind of / where / window
150-4	V	4	u	y	u	ø	u	y	ə	u	u	u	y	ɿ	y	u	u	241:1, 494:1, 668:5, 850:4	daughter / kitchen / mouse / sweet potato
229-3	V	3	u	Ø	u	œ	o	Ø	Ø	-	o	Ø	ɔ	a	a	u	Ø	349:3, 382:5, 560:2	beggar / knee / leg / outside / under
257-3	V	3	u	ə	ə	ɐ	o	-	ɔ	ɔ	Ø	Ø	Ø	ɔ	Ø	ə	a	371:3, 607:7, 836:5	beggar / forehead / noodles / on
96-2	V	2	u	o	u	o	u	u	ə	u	u	e	u	u	u	u	u	383:5, 539:1	become sick / nurse
272-1	V	1	u	Ø	e	o	u	ə	ə	u	u	e	Ø	u	i	a	e	110:1	chicken / leg / mother / son / sparrow / star
275-1	V	1	u	ə	u	Ø	u	u	u	u	u	ɿ	u	u	u	u	Ø	126:1	thick
301-1	V	1	u	əu	əu	Ø	əu	ø	ɯ	u	əu	Ø	u	ɤ	u	əu	Ø	300:10	soya sauce
331-1	V	1	u	a	i	ɐ	o	Ø	ə	u	o	e	i	o	i	ə	Ø	411:1	rooster
350-1	V	1	u	Ø	u	Ø	u	Ø	u	u	u	u	Ø	ɿ	Ø	u	ɔ	502:1	cook
360-1	V	1	u	y	u	y	u	y	u	u	u	Ø	y	Ø	y	u	i	523:1	pig
361-1	V	1	u	u	Ø	Ø	-	Ø	u	Ø	u	u	Ø	Ø	Ø	u	ɔ	545:1	on purpose
441-1	V	1	u	u	u	-	u	Ø	-	-	Ø	Ø	u	-	Ø	u	Ø	734:4	chopsticks
471-1	V	1	u	Ø	u	Ø	Ø	Ø	Ø	u	Ø	Ø	Ø	Ø	Ø	-	Ø	787:3	lunch
34-12	V	12	o	ə	ə	ɐ	ə	e	ɯ	o	ə	e	ɛ	ɤ	u	ə	a	31:1, 49:4, 73:4, 249:5, 304:5, 336:7, 510:4, 532:5, 563:5, 626:1, 656:5, 848:1	fingernail / fist / forefinger / head / knee / left hand / old man / on / outside / stairs / thin / under
225-7	V	7	o	o	o	o	o	o	Ø	ə	o	u	o	o	ʌ̃	a	Ø	82:0, 82:4, 811:2, 44:1, 317:1, 320:4, 487:1	and / chimney / dirty / left / neck / rooster
86-5	V	5	o	ə	ə	ɐ	ə	e	ɯ	o	ə	u	ɨ	ɤ	u	ə	u	54:1, 68:4, 528:5, 723:1, 763:1	bedbug / forefinger / left hand / on purpose / right hand
64-4	V	4	o	o	o	ɔ	o	o	ʊ	ə	o	o	o	u	o	ɤ	o	68:1, 218:1, 546:1, 821:1	humpback / left / left hand / we
51-2	V	2	o	o	o	ɔ	o	o	ʊ	ə	o	Ø	o	u	ɔ	ɤ	a	291:1, 841:5	I / head
70-2	V	2	o	ə	ə	ɐ	ə	ø	ɯ	o	ə	u	u	ɤ	e	ə	u	224:1, 885:4	bedbug / right / right hand
280-1	V	1	o	ə	ə	ɐ	ə	e	ɯ	o	ə	u	ɨ	ɤ	u	ə	a	188:1	stinky
288-1	V	1	o	ə	ə	ɐ	ə	ẽ̞	ɯ	o	ə	u	ɨ	ɤ	Ø	ə	u	224:5	right / right hand
292-1	V	1	o	ə	Ø	ɐ	Ø	Ø	ɯ	o	ə	e	u	ɤ	u	Ø	a	225:6	sun
294-1	V	1	o	o	o	ɔ	o	o	u	ə	o	Ø	o	u	o	ɤ	e	277:1	spinach
297-1	V	1	o	ə	ə	Ø	ə	-	-	o	ə	Ø	-	-	-	ə	Ø	300:6	soya sauce
300-1	V	1	o	i	i	Ø	i	-	-	o	i	Ø	-	-	-	i	Ø	300:9	soya sauce
311-1	V	1	o	ə	ə	ɐ	ə	ø	ɯ	o	ə	u	u	ɤ	u	ə	a	311:2	nine
399-1	V	1	o	ə	ə	Ø	ə	e	ɯ	o	Ø	Ø	ɛ	ã	u	ə	a	630:4	inside
410-1	V	1	o	o	o	Ø	o	o	ɐ	ə	o	Ø	ɔ	Ø	Ø	a	Ø	652:1	table
435-1	V	1	o	ə	u	o	u	o	ə	o	u	u	u	o	o	ə	a	729:1	six
458-1	V	1	o	a	ɿ	ɐ	ə	e	Ø	o	ə	ɿ	Ø	ɤ	Ø	ə	ã	763:8	forefinger
299-1	V	1	j	-	-	Ø	-	j	j	j	-	Ø	j	j	j	-	Ø	300:8	soya sauce
436-1	V	1	j	-	-	k	-	ʔ	ʔ	j	-	k	ʔ	ʔ	-	-	k	729:2	six
12-8	V	8	i	i	i	ɐ	i	ə	ə	i	i	i	i	ɪ	i	ə	i	266:3, 472:4, 485:1, 584:0, 10:1, 301:1, 507:1, 885:1	bedbug / eleven / first / inside / nose / one / seven / wife
167-6	V	6	i	i	i	e	i	i	i	i	i	-	-	-	-	i	i	9:1, 165:1, 170:6, 408:4, 434:3, 605:4	chicken / daughter / right / spoon / thou / you
9-4	V	4	i	i	i	ɐ	i	i	ɿ	i	i	i	i	i	i	i	e	266:1, 683:1, 867:1, 888:1	first / instead of / second / tiny
109-4	V	4	i	i	i	e	i	i	ɿ	i	i	i	i	i	i	i	i	426:4, 545:3, 661:5, 747:1	blow / cheap / on purpose / self
238-4	V	4	i	i	i	-	i	i	Ø	i	Ø	i	i	Ø	i	ɤ	a	247:4, 498:4, 499:1, 686:4	classifier (pig) / inside / there / where
239-4	V	4	i	a	i	Ø	i	ɔ	u	-	ĩ	a	ɑ	Ø	Ø	i	Ø	193:1, 349:5, 382:3, 444:1	become sick / beggar / cabbage / outside
175-3	V	3	i	i	i	ɐ	i	Ø	ɿ	i	i	u	i	ã	Ø	i	i	31:5, 256:9, 302:9	here / stairs / thunder (verb) / what kind of / where
237-3	V	3	i	i	i	Ø	o	o	-	i	o	i	i	i	i	i	-	90:1, 179:6, 723:3	chicken / leg / on purpose / wife
89-2	V	2	i	i	i	-	i	Ø	-	-	-	i	i	-	Ø	i	Ø	650:4, 734:6	chopsticks / classifier (cow)
274-1	V	1	i	Ø	ə	o	i	ɿ	ɿ	i	i	e	Ø	i	-	-	u	110:4	chicken / leg / mother / son / sparrow / star
335-1	V	1	i	o	o	o	i	Ø	ɿ	i	i	u	u	i	ʌ̃	i	Ø	411:5	rooster
369-1	V	1	i	ɿ	ɿ	-	-	-	ə	ə	-	-	-	a	e	ə	Ø	548:6	father / mother / mouse / old man / sun / wife
374-1	V	1	i	i	i	e	i	i	i	i	ĩ	Ø	ɑ	i	e	i	ĩ	553:1	star
377-1	V	1	i	ɿ	i	-	u	-	-	-	ə	Ø	ɿ	-	ʌ̃	ə	-	553:5	star
397-1	V	1	i	i	i	Ø	i	i	ɿ	i	Ø	Ø	i	i	i	i	a	630:1	inside
405-1	V	1	i	Ø	i	e	i	i	i	Ø	ĩ	e	i	i	Ø	Ø	i	646:6	freeze
423-1	V	1	i	i	i	ɛ	i	i	Ø	i	ĩ	Ø	i	Ø	ʌ̃	ə	Ø	678:5	clean
426-1	V	1	i	i	i	ɐ	i	Ø	i	ẽ	ĩ	i	i	i	Ø	ə	i	687:1	this year
444-1	V	1	i	i	i	i	i	i	ɿ	Ø	i	i	i	i	Ø	i	i	737:0	doctor
187-6	V	6	e	e	e	ɐ	e	i	e	e	Ø	i	i	e	e	e	i	170:2, 170:5, 566:1, 179:2, 365:2, 831:11	daughter / leg / sunflower / who
182-2	V	2	e	a	e	Ø	Ø	i	-	e	Ø	Ø	ɑ	a	a	e	-	179:5, 612:1	leg / supper
499-1	V	1	e	e	e	Ø	e	e	-	e	Ø	Ø	i	-	-	Ø	Ø	870:4	thunder (verb)
203-19	V	19	a	a	a	a	a	ẽ̞	a	a	a̱	a	a	i	a	a	e	191:2, 192:2, 419:1, 419:4, 116:5, 392:1, 302:5, 302:8, 434:8, 546:5, 211:2, 212:1, 396:1, 424:2, 550:6, 645:1, 672:2, 677:4, 712:6	beggar / boy / classifier (vehicle) / cook / dirty / here / how / husband / left / rain / right / salt / snow / son / sweet potato / under / what kind of / where
241-11	V	11	a	ẽ	a	œ	a	ẽ̞	e̞	ɛ	ɛ̃	o	ɛ	-	a	ɒ̃	i	10:5, 181:6, 349:1, 349:9, 424:6, 44:5, 116:1, 211:6, 222:1, 256:2, 400:1	inside / left / nurse / on / outside / salt / thunder (verb) / under / wife
144-9	V	9	a	a	a	a	a	ẽ̞	æ̃	ã	ã̱	a	Ø	ø	ɛ	æ̃	a	762:1, 762:5, 8:1, 42:1, 382:8, 530:4, 532:1, 641:4, 677:1	beggar / boy / breakfast / husband / kitchen / left hand / man / son / supper
38-7	V	7	a	a	a	a	a	ẽ̞	æ̃	ã	ã̱	a	a	e	ɛ	æ̃	ã	87:1, 235:1, 339:5, 465:4, 595:4, 612:4, 714:1	breakfast / doorsills / lunch / rainbow / supper / three / watery
165-7	V	7	a	a	a	o	a	ɑ	a	a	a̱	a	ɑ	e	a	a	a	89:1, 222:5, 247:1, 500:4, 530:1, 587:1, 640:1	breakfast / daughter / girl / he / on / take / what kind of / where / who
263-7	V	7	a	ə	a	a	ɛ	ɑ	ɐ	-	ə	a	ɑ	a	ɛ	a	-	212:5, 466:5, 95:1, 194:1, 349:4, 452:1, 836:1	father / forehead / old man / on / outside / there / where
124-6	V	6	a	ẽ	a	i	a	ẽ̞	ɪ̃	ã	ɛ̃	a	ɛ	i	e	e	ĩ	157:2, 305:5, 607:2, 733:6, 804:2, 840:5	breakfast / face / noodles / salt / sweet / today
148-4	V	4	a	ẽ	a	ɐ	a	ẽ̞	Ø	ã	Ø	e	ɛ	Ø	e	e	a	239:2, 511:1, 556:5, 661:2	bedbug / cheap / chimney / doctor
223-4	V	4	a	a	a	ɛ	a	ɑ	-	-	-	a	ɑ	a	i	æ̃	a	597:1, 624:1, 650:5, 787:6	classifier (cow) / classifier (pig) / lunch
49-3	V	3	a	a	a	a	a	ɑ	a	a	ə	Ø	ɑ	o	a	a	Ø	178:1, 365:7, 563:2	sunflower / they / under
75-3	V	3	a	ẽ	a	i	a	ẽ̞	Ø	ã	ɛ̃	e	ɛ	i	e	e	i	265:2, 499:5, 601:5	face / inside / noodles / outside
115-3	V	3	a	a	a	ɔ	a	e̞	e̞	ɛ	æ	o	a	e	ɛ	a	a	277:4, 444:5, 642:1	cabbage / husband / spinach
147-3	V	3	a	a	a	a	a	ɑ	ə	a	a̱	Ø	-	-	-	a	a	294:1, 356:1, 400:4	father / here / mother / nurse / right hand / what / where / wife
160-3	V	3	a	a	a	u	a	e̞	e̞	ɛ	Ø	a	a	a	ɛ	a	a	304:1, 601:1, 686:2	classifier (pig) / outside
215-3	V	3	a	ə̃	a	-	a	ɔ	ʊ	ɔ	ã̱	a	ɑ	ɔ	e	a	i	367:5, 686:5, 792:4	classifier (pig) / flash (verb) / just right / right
235-3	V	3	a	a	o	ɐ	a	ẽ̞	æ̃	-	ã̱	Ø	a	o	a	Ø	Ø	294:4, 564:5, 714:4	doorsills / here / rainbow / what / where
17-2	V	2	a	a	a	a	a	ɑ	ɐ	a	a̱	a	a	a	a	a	e	659:5, 702:1	eight / self
76-2	V	2	a	a	a	Ø	a	ɑ	ɐ	a	a̱	ɿ	a	a	ɿ	a	Ø	177:5, 232:2	blow / fingernail
126-2	V	2	a	a	a	œ	a	ɑ	ɑ	a	ə	o	Ø	ã	a	Ø	ɔ	795:1, 831:2	sunflower / that
209-2	V	2	a	Ø	ɿ	i	a	Ø	a	a	a̱	Ø	Ø	ø	a	a	Ø	677:7, 770:1	boy / flash (verb) / son
296-1	V	1	a	õ	a	y	a	õ	ʊ̃	ã	ã̱	o	ɵ	ø	o	æ̃	-	296:1	sour
329-1	V	1	a	a	a	a	a	ẽ̞	ɪ̃	ã	ɛ̃	a	a	e	ɛ	e	a	385:2	salty
341-1	V	1	a	a	a	a	a	e̞	e̞	ɛ	æ	Ø	a	a	a	a	a	456:1	sun
386-1	V	1	a	a	ə	a	a	ə	ɐ	e	a̱	a	a	ɪ	ã	a	Ø	600:1	a while / one time / there
389-1	V	1	a	ẽ	a	i	Ø	ẽ̞	ɪ̃	ã	Ø	a	ɛ	i	Ø	Ø	a	611:1	salt
413-1	V	1	a	ẽ	Ø	y	Ø	õ	ɪ̃	ã	Ø	a	ɵ	ø	Ø	Ø	u	656:2	fist
420-1	V	1	a	a	a	ɔ	a	ẽ̞	Ø	ã	ã̱	Ø	ɵ	Ø	ɛ	æ̃	Ø	678:1	clean
429-1	V	1	a	ẽ	a	i	a	Ø	ɪ̃	ã	ɛ̃	a	ɛ	i	Ø	e	i	687:6	this year
440-1	V	1	a	a	a	a	a	Ø	e̞	ɛ	Ø	Ø	a	e	Ø	a	Ø	734:2	chopsticks
442-1	V	1	a	a	a	-	a	Ø	-	-	Ø	Ø	a	-	Ø	a	Ø	734:5	chopsticks
466-1	V	1	a	Ø	Ø	i	Ø	Ø	ə	ã	Ø	Ø	Ø	i	e	æ̃	Ø	770:4	flash (verb)
468-1	V	1	a	õ	a	y	a	õ	ʊ̃	ã	ã̱	o	ɵ	ø	o	æ̃	e	776:1	short
476-1	V	1	a	a	a	a	a	Ø	Ø	a	a̱	Ø	ɑ	o	a	a	Ø	816:1	sparrow
491-1	V	1	a	ə	e	Ø	ɛ	ɑ	ɐ	e	ə	Ø	ɑ	a	Ø	ə	Ø	843:1	wheat
498-1	V	1	a	a	a	Ø	a	ɑ	a	a	Ø	Ø	ɑ	ã	a	Ø	Ø	870:1	thunder (verb)
179-8	V	8	-	ə	ə	ɐ	e	e	ə	ẽ	ə	-	ɨ	ɤ	u	ə	ã	9:4, 821:4, 95:9, 178:4, 434:1, 528:1, 540:1, 660:5	a while / forehead / nose / right / right hand / they / we / you
313-1	V	1	-	i	i	Ø	i	i	Ø	-	ĩ	Ø	-	i	ʌ̃	Ø	Ø	321:1	hail
322-1	V	1	-	a	-	a	-	e	Ø	a	-	Ø	ɑ	a	a	-	a	356:4	father / mother / right hand
349-1	V	1	-	Ø	Ø	Ø	ɚ	ə	Ø	Ø	Ø	Ø	Ø	Ø	Ø	Ø	Ø	500:6	daughter / girl
367-1	V	1	-	y	a	ɔ	a	o	ɯ	ə	o	o	o	-	-	-	Ø	548:4	father / mother / mouse / old man / sun / wife
500-1	V	1	-	-	i	Ø	i	-	e	i	Ø	Ø	-	e	ɛ	Ø	Ø	870:6	thunder (verb)
6-33	T	33	⁵⁵	³³	⁵⁵	⁵³	⁵⁵	³³	²¹	²¹³	⁴⁴	⁴⁴	⁴²	⁵³	³¹	¹¹	⁵⁵	235:2, 296:2, 406:3, 406:7, 320:2, 320:6, 733:3, 733:7, 550:3, 550:7, 73:2, 78:4, 116:6, 126:2, 129:4, 170:7, 230:3, 232:7, 239:3, 289:3, 339:3, 372:4, 396:3, 444:3, 511:2, 643:4, 664:3, 678:3, 687:3, 747:6, 772:3, 811:7, 893:7	and / blow / cabbage / chimney / classifier (pair) / clean / daughter / doctor / father / husband / in the middle / just right / lunch / on / rooster / salt / sour / sweet potato / thick / this year / three / today / well smelling / window
74-15	T	15	⁵⁵	²⁴	³¹	⁵	²¹	⁵	⁵	²¹³	³¹	¹	⁵	⁵	²¹	²	³²	266:5, 472:6, 485:3, 116:3, 392:2, 641:6, 82:2, 82:6, 885:2, 885:6, 232:3, 390:3, 539:2, 556:7, 652:2	and / become sick / bedbug / blow / dirty / eleven / first / how / kitchen / salt / seven / table
23-11	T	11	⁵⁵	³³	⁵⁵	⁵⁵	⁵⁵	³³	²¹	²¹³	⁴⁴	⁴⁴	⁴²	⁵³	³¹	¹¹	⁵⁵	273:3, 273:7, 61:3, 71:3, 184:9, 365:8, 462:3, 523:2, 530:6, 553:3, 737:1	and / breakfast / catch a cold / doctor / in the middle / instead of / moon / pig / star / sunflower / window
111-4	T	4	⁵⁵	³³	⁵⁵	²²	⁵⁵	³³	²¹	⁵⁵	⁴⁴	Ø	Ø	Ø	Ø	¹¹	Ø	178:2, 640:2, 222:3, 759:7	he / on / spoon / they
5-2	T	2	⁵⁵	²⁴	³¹	³	²¹	⁵	⁵	²¹³	³¹	¹	⁵	⁵	²¹	²	³²	646:4, 702:3	eight / freeze
47-2	T	2	⁵⁵	³³	⁵⁵	⁵⁵	⁵⁵	Ø	²¹	-	⁴⁴	⁴⁴	⁴²	⁵³	³¹	¹¹	Ø	411:6, 712:7	beggar / rooster
95-2	T	2	⁵⁵	⁴¹	⁵³	²³	⁵⁵	⁵³	²¹	-	⁴⁴	-	²¹³	⁵³	³⁵	-	-	110:5, 241:2	chicken / daughter / leg / mother / son / sparrow / star
143-2	T	2	⁵⁵	³³	⁵⁵	⁵⁵	⁵⁵	⁵	²¹	²¹³	⁴⁴	¹	¹⁴	⁵	²¹	¹¹	-	31:6, 95:7	forehead / stairs
278-1	T	1	⁵⁵	²⁴	⁵³	Ø	⁴²	Ø	⁵	²¹³	³¹	³¹	⁵	Ø	³⁵	²	Ø	177:2	fingernail
320-1	T	1	⁵⁵	⁵⁵	-	²¹	⁵⁵	¹³	Ø	⁴²	⁴⁴	Ø	⁴²	⁵³	³⁵	¹¹	⁵⁵	356:2	father / mother / right hand
333-1	T	1	⁵⁵	⁵⁵	⁵⁵	⁵⁵	⁵⁵	Ø	²¹	²¹³	⁴⁴	⁴⁴	⁴²	⁵³	³¹	¹¹	Ø	411:3	rooster
382-1	T	1	⁵⁵	²⁴	³¹	⁵	²¹	⁵	⁵	²¹³	³¹	¹	⁵	-	²¹	²	³²	584:2	one
407-1	T	1	⁵⁵	Ø	⁵⁵	⁵⁵	-	³³	²¹	Ø	⁴⁴	⁴⁴	⁴²	⁵³	Ø	Ø	⁵⁵	646:8	freeze
477-1	T	1	⁵⁵	¹³	³¹	²¹	²¹	Ø	Ø	²¹³	³¹	Ø	⁴⁵	¹³	⁴⁴	¹¹	Ø	816:2	sparrow
497-1	T	1	⁵⁵	Ø	⁵⁵	Ø	⁵⁵	Ø	-	²¹³	⁴⁴	Ø	Ø	Ø	Ø	Ø	Ø	861:3	dirty
79-23	T	23	⁵¹	¹¹	¹³	³³	²¹³	¹³	⁵³	²¹	²¹²	Ø	²¹	¹³	²²	⁴⁵	²²	191:3, 192:3, 612:2, 612:5, 382:6, 382:10, 181:3, 349:6, 424:3, 434:5, 546:7, 193:3, 211:3, 219:2, 249:3, 304:3, 358:6, 438:2, 601:2, 607:4, 641:2, 645:2, 672:3	become sick / beggar / classifier (vehicle) / cook / how / kitchen / left / mouse / noodles / on / outside / rain / right / snow / supper / under
105-9	T	9	⁵¹	⁵⁵	¹³	³³	²¹³	⁴⁴⁵	⁵³	²¹	²¹²	⁵³	²¹³	³⁵	³²⁴	⁴⁵	²¹	371:4, 371:8, 19:3, 54:3, 188:3, 528:3, 642:2, 831:4, 888:2	bedbug / beggar / fat / husband / instead of / right hand / stinky / sunflower
1-5	T	5	⁵¹	¹¹	¹³	²²	²¹³	¹³	⁵³	²¹	²¹²	⁵³	²¹	¹³	²²	⁴⁵	²²	224:3, 265:3, 266:2, 339:6, 683:2	face / first / lunch / noodles / right / right hand / second
259-4	T	4	⁵¹	⁵⁵	¹³	Ø	⁵⁵	⁴⁴⁵	⁵³	²¹	⁴⁴	⁵³	¹²	³	³²⁴	²	Ø	124:2, 444:7, 498:2, 883:2	cabbage / fat / there / this
2-3	T	3	⁵¹	⁵⁵	¹³	³³	²¹³	⁴⁴⁵	⁵³	²¹	²¹²	⁵³	⁴⁵	³⁵	³²⁴	⁴⁵	²¹	136:2, 626:3, 867:2	four / thin / tiny
37-3	T	3	⁵¹	²⁴	³¹	²	²¹	²	⁵	²¹	³¹	⁵	²	¹	²²	²	⁵	144:3, 602:2, 843:3	moon / snow / wheat
41-3	T	3	⁵¹	¹¹	¹³	²²	²¹³	⁴⁴⁵	⁵³	²¹	²¹²	⁵³	²¹	¹³	³⁵	⁴⁵	²²	92:2, 563:3, 762:7	supper / two / under
56-2	T	2	⁵¹	⁵⁵	¹³	³³	²¹³	⁴⁴⁵	⁵³	-	²¹²	Ø	¹²	³⁵	³²⁴	⁴⁵	²¹	277:6, 787:7	lunch / spinach
88-2	T	2	⁵¹	¹¹	¹³	²³	²¹³	¹³	⁵³	²¹	²¹²	⁴⁴	²¹	¹³	³⁵	⁵³	Ø	87:3, 434:10	right / watery
104-2	T	2	⁵¹	⁵⁵	¹³	Ø	²¹³	⁴⁴⁵	⁵³	²¹	²¹²	⁵³	⁴⁵	⁵³	³²⁴	⁴⁵	Ø	300:4, 723:4	on purpose / soya sauce
120-2	T	2	⁵¹	²⁴	⁵⁵	²	Ø	Ø	⁵	²¹	³¹	¹	⁵	¹	²²	⁴⁵	⁵	225:4, 764:3	here / sun
122-2	T	2	⁵¹	⁵⁵	¹³	²²	²¹³	¹³	⁵³	²¹	-	Ø	²¹	¹³	Ø	⁴⁵	²²	260:5, 712:3	beggar / catch a cold
140-2	T	2	⁵¹	Ø	³¹	²¹	²¹	⁵³	²⁴	²¹	Ø	⁴⁴	⁵	Ø	³⁵	⁴⁵	²²	194:2, 217:2	boy / father / left hand / wheat
157-2	T	2	⁵¹	Ø	¹³	Ø	²¹	⁴⁴⁵	²¹	²¹	²¹²	⁵³	⁴⁵	³⁵	Ø	⁴⁵	²¹	367:3, 392:5	how / just right / right
195-2	T	2	⁵¹	⁵⁵	Ø	³³	-	Ø	⁵³	²¹³	²¹²	⁵³	Ø	Ø	³²⁴	⁴⁵	²¹	545:2, 699:3	cold / freeze / on purpose
303-1	T	1	⁵¹	¹¹	¹³	²²	²¹³	⁴⁴⁵	⁵³	²¹	²¹²	³¹	²¹	¹³	³⁵	⁴⁵	-	306:1	twenty / two / two ounces
342-1	T	1	⁵¹	⁵⁵	¹³	³³	²¹³	⁴⁴⁵	⁵³	²¹	²¹²	Ø	²¹³	³	³²⁴	⁴⁵	²¹	456:3	sun
362-1	T	1	⁵¹	⁵⁵	Ø	Ø	²¹³	Ø	-	Ø	²¹²	⁵³	Ø	Ø	Ø	⁴⁵	²¹	545:4	on purpose
387-1	T	1	⁵¹	¹¹	⁵⁵	²³	²¹³	⁵	⁵	²¹	²¹²	⁵³	²¹	⁵	-	⁴⁵	Ø	600:2	a while / one time / there
425-1	T	1	⁵¹	¹¹	¹³	²²	²¹³	⁴⁴⁵	Ø	²¹	²¹²	⁵³	²¹	¹³	²²	⁴⁵	Ø	683:4	second
437-1	T	1	⁵¹	²⁴	³¹	²	²¹	²	⁵	²¹	³¹	¹	²	¹	²²	⁴⁵	⁵	729:3	six
443-1	T	1	⁵¹	⁵⁵	¹³	³³	²¹³	Ø	⁵³	²¹	Ø	Ø	²¹³	⁵³	Ø	⁴⁵	Ø	734:7	chopsticks
452-1	T	1	⁵¹	²⁴	³¹	²	²¹	²	⁵	²¹	³¹	⁵	⁵	¹	²²	²	⁵	748:3	hot
464-1	T	1	⁵¹	⁵⁵	³¹	²¹	²¹³	Ø	⁵³	²¹	²¹²	Ø	⁴⁵	Ø	³²⁴	⁵³	²²	765:3	rainbow
467-1	T	1	⁵¹	Ø	Ø	²²	Ø	Ø	²⁴	⁵⁵	Ø	Ø	Ø	¹³	³²⁴	⁵³	Ø	770:5	flash (verb)
474-1	T	1	⁵¹	⁵⁵	¹³	Ø	⁵⁵	⁵³	⁵	²¹	²¹²	Ø	Ø	Ø	²²	Ø	Ø	795:2	that
244-4	T	4	⁴	³³	⁵⁵	Ø	⁵⁵	³³	-	-	⁴⁴	⁴⁴	¹⁴	¹³	³⁵	Ø	Ø	10:7, 44:7, 400:5, 723:2	inside / left / nurse / on purpose / wife
258-4	T	4	⁴	⁴¹	-	²²	²¹³	⁵³	⁵³	Ø	²¹²	-	¹⁴	Ø	Ø	⁴⁵	Ø	3:5, 302:10, 426:2, 540:3	a while / die / here / self / what kind of / where
234-3	T	3	⁴	-	¹³	⁵⁵	²¹³	Ø	Ø	-	Ø	Ø	Ø	Ø	Ø	Ø	²²	211:8, 222:7, 499:7	inside / on / under
460-1	T	1	⁴	⁴¹	-	²¹	²¹	²¹³	Ø	-	³¹	³¹	Ø	¹³	Ø	¹¹	⁵³	763:10	forefinger
173-2	T	2	Ø	-	³¹	-	²¹	⁵	⁵	Ø	³¹	-	⁵	¹³	³²⁴	Ø	Ø	336:2, 714:6	fingernail / knee / rainbow
201-2	T	2	Ø	²⁴	³¹	²	Ø	Ø	⁵	²¹³	Ø	Ø	⁵	Ø	²¹	⁵³	-	419:2, 836:3	dirty / forehead / on
206-2	T	2	Ø	¹³	³¹	Ø	⁵⁵	-	Ø	Ø	³¹	⁴⁴	²⁴	³	⁴⁴	¹¹	Ø	90:5, 256:10	chicken / thunder (verb) / wife
249-2	T	2	Ø	Ø	-	²¹	Ø	¹³	Ø	Ø	Ø	¹¹	Ø	¹³	Ø	²	Ø	256:6, 396:6	sweet potato / thunder (verb)
285-1	T	1	Ø	Ø	-	⁵⁵	-	⁵³	-	-	Ø	⁴⁴	¹²	Ø	²²	Ø	²²	217:5	boy / father / left hand / wheat
310-1	T	1	Ø	¹¹	¹³	²²	²¹³	⁵	⁵³	²¹	²¹²	⁵³	⁴⁵	¹³	³²⁴	⁴⁵	³⁵	307:2	classifier (person)
318-1	T	1	Ø	²⁴	³¹	⁵	⁵⁵	³³	⁵	Ø	³¹	¹	⁵	Ø	Ø	Ø	Ø	336:5	fingernail / knee
336-1	T	1	Ø	²⁴	³¹	³	Ø	Ø	Ø	-	Ø	Ø	¹²	Ø	²¹	Ø	Ø	419:5	dirty
394-1	T	1	Ø	¹³	Ø	²¹	²¹	²¹³	⁵⁵	⁴²	²¹	Ø	²⁴	Ø	⁴⁴	⁴⁵	³⁵	625:4	classifier (pillow)
416-1	T	1	Ø	¹¹	¹³	Ø	²¹³	¹³	Ø	⁴²	Ø	⁵³	Ø	¹³	²²	⁴⁵	Ø	659:2	self
417-1	T	1	Ø	-	⁵⁵	Ø	⁵⁵	³³	Ø	-	Ø	⁴⁴	Ø	⁵³	³¹	⁵³	Ø	659:6	self
224-7	T	7	¹	³³	⁵⁵	⁵⁵	⁵⁵	Ø	²¹	-	⁴⁴	⁴⁴	⁴²	Ø	-	¹¹	⁵⁵	181:8, 349:11, 424:8, 71:8, 239:7, 605:5, 645:5	chicken / cook / doctor / in the middle / on / outside / under
180-4	T	4	¹	-	¹³	Ø	²¹³	⁵	-	-	²¹²	Ø	¹²	¹³	-	⁴⁵	²²	601:6, 645:8, 795:5, 883:5	cook / outside / that / this
59-3	T	3	¹	-	³¹	²¹	⁵⁵	²¹³	-	-	³¹	¹¹	¹²	¹³	⁴⁴	⁵³	-	225:8, 249:7, 563:7	on / sun / under
213-3	T	3	¹	⁴¹	⁵³	²³	⁴²	⁵³	Ø	-	³¹	³¹	²¹³	²³	³⁵	⁵³	²²	143:5, 438:5, 466:6	mouse / rain / there
73-2	T	2	¹	-	⁵³	³⁵	⁴²	⁵³	-	-	⁵³	³¹	¹⁴	³⁵	³⁵	-	⁵³	734:10, 850:5	chopsticks / mouse
154-2	T	2	¹	²⁴	³¹	²	Ø	²	Ø	Ø	³¹	¹	¹²	¹²	Ø	²	⁵	230:7, 831:8	sunflower / today
218-2	T	2	¹	Ø	⁵⁵	-	⁵⁵	Ø	Ø	-	³¹	Ø	-	¹³	⁴⁴	-	Ø	382:13, 560:6	beggar / knee / leg / under
265-1	T	1	¹	¹³	³¹	Ø	²¹	²¹³	-	⁴²	Ø	Ø	¹⁴	²³	Ø	Ø	Ø	54:7	bedbug
281-1	T	1	¹	Ø	⁵³	Ø	²¹³	Ø	Ø	Ø	⁵³	Ø	¹²	Ø	Ø	Ø	Ø	193:6	become sick
345-1	T	1	¹	¹³	³¹	²¹	²¹	²¹³	-	-	³¹	Ø	¹⁴	¹³	⁴⁴	¹¹	³⁵	456:7	sun
388-1	T	1	¹	¹¹	¹³	²²	²¹³	¹³	⁵³	-	²¹²	Ø	Ø	¹³	²²	⁴⁵	Ø	602:7	moon
493-1	T	1	¹	-	⁵³	Ø	⁴²	⁵³	-	-	⁵³	Ø	¹²	³⁵	Ø	-	Ø	843:6	wheat
24-29	T	29	³⁵	¹³	³¹	²¹	²¹	²¹³	⁵⁵	⁴²	³¹	¹¹	²⁴	¹³	⁴⁴	¹¹	³⁵	677:2, 677:5, 840:3, 840:6, 5:3, 8:2, 42:3, 49:6, 74:3, 218:2, 317:3, 333:2, 365:4, 385:4, 408:7, 462:7, 468:6, 494:2, 502:2, 566:3, 595:2, 642:6, 650:7, 656:3, 661:4, 686:7, 759:3, 811:4, 845:2	and / boy / cheap / classifier (cow) / classifier (pig) / cook / doorsills / fat / fist / from / house / humpback / husband / kitchen / man / old man / rooster / salt / salty / son / spoon / sunflower / who / wife / window / woman
91-10	T	10	³⁵	²⁴	³¹	²	²¹	²	⁵	⁴²	³¹	⁵	²	¹	²²	⁵⁴	⁵	472:3, 720:3, 389:3, 556:3, 143:3, 184:4, 231:3, 301:2, 487:2, 660:3	bedbug / eleven / hail / moon / neck / nose / rain / ten / wheat
85-4	T	4	³⁵	¹³	³¹	²¹	²¹	²¹³	⁵⁵	⁴²	³¹	¹¹	⁴⁵	¹³	⁴⁴	¹¹	³⁵	300:11, 564:3, 611:3, 893:3	doctor / doorsills / salt / soya sauce
260-4	T	4	³⁵	-	³¹	Ø	⁴²	²¹³	-	²¹³	³¹	-	¹²	¹³	⁴⁴	¹¹	Ø	73:6, 95:10, 212:6, 507:2	forehead / on / where / wife
193-3	T	3	³⁵	¹³	³¹	²¹	²¹	²	⁵⁵	²¹	³¹	¹	⁴⁵	¹³	²¹	¹¹	³⁵	31:3, 95:3, 668:3	forehead / stairs / sweet potato
32-2	T	2	³⁵	¹³	³¹	²¹	²¹	²¹³	⁵⁵	⁴²	³¹	¹¹	²⁴	¹³	⁴⁴	¹¹	-	517:3, 831:12	long / sunflower
222-2	T	2	³⁵	Ø	⁵³	Ø	⁵⁵	Ø	⁵	⁴²	³¹	Ø	²	¹	Ø	¹¹	Ø	160:3, 677:8	boy / son / spoon
266-1	T	1	³⁵	³³	³¹	Ø	²¹	Ø	⁵⁵	⁴²	³¹	⁴⁴	Ø	⁵³	Ø	¹¹	Ø	89:2	take
277-1	T	1	³⁵	¹³	³¹	²¹	²¹	²¹³	⁵⁵	⁴²	³¹	¹¹	²⁴	¹³	⁴⁴	¹¹	⁵⁵	157:3	sweet
295-1	T	1	³⁵	³³	⁵⁵	⁵³	⁵⁵	³³	²¹	²¹³	⁴⁴	Ø	⁴²	⁵³	³¹	¹¹	⁵⁵	277:2	spinach
315-1	T	1	³⁵	⁵⁵	¹³	Ø	-	²¹³	Ø	⁴²	²¹²	Ø	²	³	²²	Ø	Ø	321:5	hail
338-1	T	1	³⁵	¹³	-	Ø	⁵⁵	²¹³	Ø	⁴²	⁴⁴	Ø	⁴⁵	¹³	Ø	¹¹	Ø	449:4	bedbug / daughter / girl / mother
348-1	T	1	³⁵	¹³	³¹	²¹	²¹	²¹³	Ø	⁴²	Ø	¹¹	¹⁴	Ø	Ø	¹¹	³⁵	494:6	kitchen
430-1	T	1	³⁵	¹³	³¹	²¹	²¹	Ø	⁵⁵	⁴²	³¹	¹¹	¹²	¹³	Ø	¹¹	³⁵	687:7	this year
494-1	T	1	³⁵	Ø	³¹	²¹	Ø	²¹³	⁵⁵	-	Ø	¹¹	²⁴	¹³	⁴⁴	Ø	³⁵	848:3	head
501-1	T	1	³⁵	¹³	³¹	Ø	²¹	²¹³	⁵⁵	⁴²	Ø	Ø	⁴⁵	²³	⁴⁴	Ø	Ø	870:7	thunder (verb)
216-5	T	5	³	¹³	³¹	²¹	²¹	²¹³	²⁴	-	³¹	¹¹	¹²	¹³	⁴⁴	¹¹	³⁵	496:3, 660:6, 8:6, 510:6, 836:7	classifier (pillow) / forefinger / forehead / husband / man / nose / on
220-3	T	3	³	¹¹	¹³	Ø	⁵⁵	⁵³	-	-	²¹²	Ø	²¹	³⁵	Ø	⁴⁵	-	466:2, 503:5, 507:5	there / under / wife
221-3	T	3	³	Ø	⁵³	Ø	⁴²	-	²⁴	-	⁵³	Ø	⁵	³⁵	³⁵	-	Ø	5:6, 510:2, 539:5	become sick / forefinger / house
210-2	T	2	³	⁴¹	⁵³	²¹	⁴²	Ø	Ø	²¹	⁵³	Ø	Ø	Ø	⁴⁴	⁵³	³⁵	787:4, 841:3	head / lunch
353-1	T	1	³	Ø	⁵⁵	Ø	⁴²	Ø	-	²¹³	⁵³	⁴⁴	Ø	⁵³	Ø	-	⁵³	502:5	cook
414-1	T	1	³	¹³	Ø	²¹	Ø	²¹³	-	-	Ø	¹¹	¹⁴	¹³	Ø	Ø	³⁵	656:7	fist
419-1	T	1	³	-	³¹	Ø	²¹³	²¹³	Ø	-	Ø	¹¹	¹⁴	Ø	⁴⁴	⁴⁵	³⁵	661:6	cheap
19-36	T	36	²¹⁴	⁴¹	⁵³	³⁵	⁴²	⁵³	²⁴	⁵⁵	⁵³	³¹	²¹³	³⁵	³⁵	⁵³	⁵³	311:4, 776:2, 305:2, 305:6, 532:3, 532:7, 3:2, 9:2, 10:2, 49:2, 192:5, 212:2, 247:2, 260:2, 302:2, 358:3, 371:11, 383:3, 400:2, 426:5, 465:2, 500:2, 526:3, 530:2, 546:2, 587:2, 605:2, 664:6, 711:2, 714:2, 747:2, 763:3, 770:2, 792:2, 804:3, 870:2	beggar / blow / boy / breakfast / catch a cold / chicken / daughter / die / face / flash (verb) / forefinger / girl / here / how / inside / just right / left / left hand / lunch / nine / nurse / old man / rain / rainbow / self / short / son / thunder (verb) / what kind of / where / who / wife / woman / you
163-7	T	7	²¹⁴	²⁴	³¹	³	²¹	⁵	⁵	²¹³	³¹	¹	⁵	⁵	²¹	²	³²	144:8, 191:7, 452:3, 560:3, 597:3, 624:3, 841:6	classifier (cow) / classifier (pig) / father / head / knee / leg / old man / snow / under
8-4	T	4	²¹⁴	⁴¹	⁵³	²³	⁴²	⁵³	²⁴	⁵⁵	⁵³	¹¹	²¹³	¹³	³⁵	⁵³	⁵³	165:2, 221:3, 291:2, 468:2	I / cold / thou / wife / woman
146-4	T	4	²¹⁴	⁴¹	-	³⁵	⁴²	Ø	²⁴	⁵⁵	⁵³	³¹	²¹³	³⁵	³¹	⁵³	⁵³	68:6, 179:7, 294:2, 787:2	here / left hand / leg / lunch / what / where
102-3	T	3	²¹⁴	⁴¹	⁵³	³⁵	⁴²	⁵³	²⁴	²¹	⁵³	³¹	²¹³	³⁵	³⁵	⁵³	⁵³	44:2, 68:2, 595:5	doorsills / left / left hand
118-3	T	3	²¹⁴	¹¹	⁵³	²³	⁴²	²¹³	²⁴	⁵⁵	⁵³	⁴⁴	⁴⁵	¹³	³¹	⁵³	⁵⁵	110:2, 668:6, 762:3	chicken / leg / mother / son / sparrow / star / supper / sweet potato
58-2	T	2	²¹⁴	⁴¹	⁵³	²³	⁴²	⁵³	²⁴	⁵⁵	Ø	³¹	²¹³	¹³	³⁵	⁵³	²²	630:2, 797:2	husband / inside
65-2	T	2	²¹⁴	⁴¹	⁵³	³⁵	⁴²	³³	²⁴	⁵⁵	⁵³	³¹	²¹³	³⁵	³²⁴	⁵³	⁵³	224:7, 792:5	flash (verb) / right / right hand
116-2	T	2	²¹⁴	⁴¹	⁵³	Ø	Ø	¹³	²⁴	⁵⁵	Ø	Ø	⁵	¹³	Ø	⁵³	²²	499:2, 503:2	inside / under
131-2	T	2	²¹⁴	Ø	⁵³	Ø	⁴²	⁵³	²⁴	⁵⁵	Ø	³¹	²¹³	³	Ø	⁵³	-	367:7, 528:7	just right / right / right hand
307-1	T	1	²¹⁴	⁴¹	⁵³	³⁵	⁴²	⁵³	²⁴	-	⁵³	⁴⁴	²¹³	¹³	²²	⁵³	²²	306:6	twenty / two / two ounces
327-1	T	1	²¹⁴	⁴¹	⁵³	²³	⁴²	⁵³	Ø	⁵⁵	⁵³	⁴⁴	²¹³	¹³	Ø	⁵³	-	383:6	nurse
365-1	T	1	²¹⁴	⁴¹	⁵³	²³	⁴²	⁵³	²⁴	⁵⁵	⁵³	³¹	²¹³	-	-	⁵³	Ø	548:2	father / mother / mouse / old man / sun / wife
372-1	T	1	²¹⁴	⁴¹	⁵³	³⁵	⁴²	⁵	⁵	⁴²	⁵³	¹	⁵	⁵	²¹	Ø	⁵³	551:2	only
381-1	T	1	²¹⁴	⁴¹	Ø	-	⁴²	⁵³	²⁴	Ø	⁵³	Ø	¹⁴	Ø	Ø	Ø	Ø	564:7	doorsills
456-1	T	1	²¹⁴	²⁴	-	³⁵	⁴²	⁵³	Ø	²¹³	³¹	-	Ø	³⁵	Ø	²	-	763:6	forefinger
482-1	T	1	²¹⁴	²⁴	³¹	³³	²¹	Ø	Ø	-	³¹	Ø	¹⁴	⁵	²¹	⁵³	Ø	816:7	sparrow
228-3	T	3	²	¹³	⁵³	Ø	Ø	Ø	Ø	-	Ø	³¹	¹²	-	Ø	⁵³	³⁵	170:10, 256:3, 511:6	chimney / daughter / thunder (verb)
139-2	T	2	²	⁵⁵	¹³	²²	²¹³	¹³	⁵	-	²¹²	-	¹²	⁵	²²	⁴⁵	Ø	452:6, 678:7	clean / father / old man
194-2	T	2	²	Ø	⁵⁵	⁵⁵	⁵⁵	³³	Ø	Ø	Ø	⁴⁴	¹⁴	⁵³	-	-	Ø	550:10, 797:6	husband
276-1	T	1	²	Ø	-	Ø	Ø	Ø	Ø	-	⁴⁴	Ø	Ø	Ø	Ø	⁴⁵	Ø	129:7	window
279-1	T	1	²	²⁴	³¹	Ø	²¹	Ø	⁵	²¹	³¹	³¹	¹²	Ø	³⁵	²	Ø	177:6	fingernail
447-1	T	1	²	³³	⁵⁵	⁵⁵	⁵⁵	³³	-	Ø	⁴⁴	⁴⁴	⁴²	⁵³	Ø	¹¹	⁵⁵	737:5	doctor
60-2	T	2	-	⁴¹	⁵³	Ø	⁴²	⁵³	²⁴	⁵⁵	⁵³	³¹	²¹³	¹³	³⁵	⁵³	⁵³	821:2, 850:2	mouse / we
101-2	T	2	-	-	³¹	Ø	⁵⁵	²¹³	-	-	Ø	Ø	¹²	¹³	⁴⁴	⁵³	Ø	304:7, 500:7	daughter / girl / outside
137-2	T	2	-	²⁴	³¹	²¹	²¹	²¹³	⁵⁵	⁴²	³¹	¹¹	²⁴	Ø	Ø	Ø	Ø	336:9, 607:9	fingernail / knee / noodles
189-2	T	2	-	³³	⁵⁵	Ø	²¹	²¹³	Ø	Ø	³¹	Ø	⁴²	Ø	³¹	Ø	Ø	90:2, 500:5	chicken / daughter / girl / wife
314-1	T	1	-	³³	⁵⁵	Ø	⁵⁵	³³	Ø	-	⁴⁴	Ø	-	⁵³	³¹	Ø	Ø	321:2	hail
346-1	T	1	-	¹¹	¹³	Ø	²¹³	¹³	⁵³	²¹	²¹²	Ø	²¹	¹³	-	⁴⁵	Ø	465:5	breakfast / lunch
368-1	T	1	-	⁴¹	³¹	²¹	⁵⁵	²¹³	⁵⁵	⁴²	³¹	¹¹	¹⁴	-	-	-	Ø	548:5	father / mother / mouse / old man / sun / wife
383-1	T	1	-	-	¹³	Ø	²¹³	⁵	Ø	-	²¹²	Ø	¹⁴	Ø	³²⁴	⁴⁵	Ø	587:5	what kind of / who
400-1	T	1	-	-	³¹	Ø	⁵⁵	²¹³	-	-	Ø	Ø	¹⁴	³	⁴⁴	¹¹	³⁵	630:6	inside
81-4	C	4	ʐ	ʐ	z	j	z	z	Ø	ʐ	ʐ	ŋ	ɲ	ɲ	j	z	l	8:3, 230:4, 468:3, 642:3	husband / man / today / wife / woman
290-1	C	1	ʐ	ʐ	Ø	-	Ø	Ø	ʐ	ʐ	ʐ	-	-	j	-	Ø	-	225:1	sun
449-1	C	1	ʐ	-	z	-	z	z	ʐ	ʐ	ʐ	ŋ	l	ɲ	n	z	l	748:0	hot
484-1	C	1	ʐ	Ø	z	j	Ø	z	Ø	Ø	Ø	ŋ	Ø	z	Ø	Ø	l	831:5	sunflower
149-8	C	8	ʈʂʰ	ʈʂʰ	tsʰ	tsʰ	tsʰ	tsʰ	ʈʂʰ	ʈʂʰ	ʈʂʰ	tsʰ	tsʰ	tsʰ	tɕʰ	tsʰ	tsʰ	54:0, 82:3, 129:0, 188:0, 372:0, 462:0, 530:3, 792:0	bedbug / breakfast / dirty / flash (verb) / stinky / window
46-2	C	2	ʈʂʰ	tɕ	tsʰ	tsʰ	tsʰ	dz	tʰ	ʈʂʰ	ʈʂʰ	tsʰ	tɕʰ	z	Ø	tsʰ	t	494:0, 502:0	cook / kitchen
171-2	C	2	ʈʂʰ	ʈʂ	tsʰ	s	tsʰ	dz	ʈʂʰ	ʈʂʰ	Ø	s	tsʰ	z	Ø	Ø	Ø	54:4, 396:4	bedbug / sweet potato
357-1	C	1	ʈʂʰ	ʈʂ	tsʰ	tsʰ	tsʰ	dz	tʰ	ʈʂʰ	ʈʂʰ	tsʰ	tsʰ	z	tɕʰ	tsʰ	t	517:0	long
199-4	C	4	ʈʂ	ʈʂ	ts	ts	ts	ts	ʈʂ	ʈʂ	ts	ts	ts	ts	ts	ts	Ø	71:0, 339:0, 764:0, 893:4	doctor / here / in the middle / lunch
119-3	C	3	ʈʂ	ʈʂ	ts	ts	Ø	ts	tɕ	ʈʂ	Ø	ts	ts	ts	tɕ	ts	ts	367:0, 597:0, 624:0	classifier (cow) / classifier (pig) / just right / right
71-2	C	2	ʈʂ	ʈʂ	ts	Ø	ts	Ø	ʈʂ	ʈʂ	ʈʂ	s	ts	Ø	ɕ	ts	Ø	177:0, 883:0	fingernail / this
359-1	C	1	ʈʂ	tɕ	ts	ts	ts	ts	ʈʂ	ʈʂ	ʈʂ	Ø	tɕ	Ø	tɕ	ts	t	523:0	pig
370-1	C	1	ʈʂ	ʈʂ	ts	ts	ts	ts	ʈʂ	ʈʂ	ʈʂ	ts	ts	ts	tɕ	Ø	ts	551:0	only
409-1	C	1	ʈʂ	ts	ts	Ø	ts	ts	ʈʂ	ʈʂ	ʈʂ	Ø	ts	Ø	Ø	ts	Ø	652:0	table
454-1	C	1	ʈʂ	ʈʂ	-	ts	ts	ts	Ø	ʈʂ	ʈʂ	-	Ø	ts	Ø	ts	-	763:4	forefinger
68-8	C	8	ʂ	ʂ	s	s	s	z	ʂ	ʂ	ʂ	s	s	z	ɕ	s	ts	472:0, 720:0, 160:0, 181:0, 249:0, 532:4, 566:0, 792:3	eleven / flash (verb) / left hand / on / spoon / ten / who
29-3	C	3	ʂ	ʂ	s	s	s	p	ʂ	ʂ	ʂ	s	s	s	Ø	s	tsʰ	68:3, 224:4, 528:4	left hand / right / right hand
25-2	C	2	ʂ	ʂ	s	s	s	s	ʂ	ʂ	ʂ	s	s	s	ɕ	s	tsʰ	273:0, 763:0	catch a cold / forefinger
57-2	C	2	ʂ	s	s	s	s	s	s	Ø	s	s	s	s	Ø	s	s	645:3, 737:2	cook / doctor
395-1	C	1	ʂ	ʂ	s	s	s	s	s	ʂ	s	s	s	s	ɕ	s	Ø	626:0	thin
465-1	C	1	ʂ	Ø	Ø	s	Ø	Ø	t	t	Ø	Ø	Ø	s	t	t	Ø	770:0	flash (verb)
469-1	C	1	ʂ	Ø	-	Ø	Ø	Ø	Ø	ʂ	Ø	Ø	Ø	Ø	Ø	s	Ø	787:0	lunch
185-3	C	3	ɥ	j	ɥ	-	j	j	ɥ	ɥ	j	j	ɥ	j	ɥ	ɥ	-	144:5, 191:5, 811:1	rooster / snow
108-2	C	2	ɥ	ɥ	ɥ	j	j	ɥ	ɥ	ɥ	j	j	ɥ	ɥ	w	ɥ	Ø	184:1, 602:0	moon
412-1	C	1	ɥ	ɥ	Ø	-	Ø	ɥ	ɥ	ɥ	Ø	j	ɥ	ɥ	Ø	Ø	-	656:1	fist
191-5	C	5	ɕ	s	ɕ	s	ɕ	ɕ	ɕ	ɕ	ɕ	s	ɕ	ɕ	ɕ	x	s	191:0, 192:0, 144:4, 424:0, 507:0	rain / snow / under / wife
100-3	C	3	ɕ	ɕ	ɕ	h	ɕ	ɕ	ɕ	ɕ	ɕ	h	ɕ	ɕ	ɕ	ɕ	-	78:0, 191:4, 211:0	snow / under / well smelling
214-3	C	3	ɕ	s	ɕ	s	ɕ	kʰ	tɕʰ	ɕ	ɕ	tsʰ	ɕ	Ø	s	ɕ	s	239:0, 336:3, 526:0	boy / doctor / fingernail / knee / son
53-2	C	2	ɕ	x	x	h	ɕ	ɦ	ɕ	ɕ	ɕ	h	h	ɦ	x	ɕ	k	385:0, 840:0	salt / salty
83-2	C	2	ɕ	s	ɕ	h	ɕ	ɕ	s	ɕ	ɕ	h	ɕ	ɕ	s	ɕ	h	831:0, 867:0	sunflower / tiny
152-2	C	2	ɕ	ɕ	ɕ	Ø	ɕ	ɦ	Ø	ɕ	Ø	Ø	h	ɦ	x	x	Ø	563:0, 811:0	rooster / under
373-1	C	1	ɕ	s	ɕ	s	ɕ	ɕ	ɕ	ɕ	ɕ	Ø	s	ɕ	tʰ	ɕ	tsʰ	553:0	star
376-1	C	1	ɕ	ts	ɕ	-	ɕ	-	-	-	ɕ	Ø	ts	-	s	ɕ	-	553:4	star
18-22	C	22	ŋ	n	ŋ	ŋ	ŋ	ŋ	-	ŋ	-	ŋ	ŋ	-	-	-	ŋ̍	5:2, 19:2, 61:2, 78:3, 129:3, 181:2, 184:8, 249:2, 273:2, 300:3, 306:5, 317:2, 372:3, 406:2, 449:3, 462:2, 550:2, 602:6, 641:5, 664:2, 861:2, 893:2	and / bedbug / catch a cold / daughter / dirty / doctor / fat / girl / house / husband / in the middle / instead of / just right / kitchen / moon / mother / on / soya sauce / twenty / two / two ounces / well smelling / window
63-16	C	16	ŋ	ŋ	ŋ	ŋ	ŋ	ŋ	ŋ	ŋ	ŋ	ŋ	ŋ	ŋ	-	ŋ	ŋ	54:6, 71:2, 74:2, 232:6, 273:6, 320:5, 339:2, 406:6, 511:5, 668:2, 699:2, 714:5, 747:5, 797:5, 811:3, 893:6	bedbug / blow / catch a cold / chimney / cold / doctor / freeze / from / husband / in the middle / lunch / rainbow / rooster / sweet potato
15-5	C	5	ŋ	n	ŋ	ŋ	ŋ	ŋ	-	ŋ	-	ŋ	ŋ	-	-	-	ŋ	456:6, 494:5, 643:3, 765:2, 831:3	classifier (pair) / kitchen / rainbow / sun / sunflower
103-3	C	3	ŋ	n	n	ŋ	n	n	-	ŋ	-	ŋ	n	ŋ	-	ŋ	-	239:6, 367:2, 678:6	clean / doctor / just right / right
136-2	C	2	ŋ	n	n	n	n	Ø	-	r	-	n	ŋ	Ø	Ø	r	Ø	71:7, 193:2	become sick / in the middle
286-1	C	1	ŋ	n	n	Ø	n	n	n	ŋ	-	Ø	ŋ	-	-	Ø	ŋ	221:2	cold
332-1	C	1	ŋ	u	-	j	ŋ	Ø	ŋ	ŋ	ŋ	-	-	ŋ	-	ŋ	Ø	411:2	rooster
358-1	C	1	ŋ	n	ŋ	ŋ	ŋ	ŋ	-	ŋ	-	ŋ	ŋ	-	-	-	-	517:2	long
375-1	C	1	ŋ	n	n	ŋ	n	n	n	ŋ	-	Ø	ŋ	ŋ	-	-	-	553:2	star
406-1	C	1	ŋ	Ø	n	ŋ	n	n	n	Ø	-	n	n	ŋ	Ø	Ø	ŋ	646:7	freeze
446-1	C	1	ŋ	n	n	ŋ	n	n	n	Ø	-	n	n	-	Ø	ŋ	ŋ	737:4	doctor
262-4	C	4	Ø	ŋ	Ø	ŋ	-	ʔ	-	n	n	Ø	Ø	-	n̩	n	-	294:0, 466:0, 836:0, 642:0	forehead / here / husband / on / there / what / where
117-3	C	3	Ø	Ø	-	Ø	j	l	l	l	l	l	l	l	l	x	j	256:4, 850:0, 392:6	how / mouse / thunder (verb)
153-3	C	3	Ø	ɕ	s	k	s	s	ʂ	ʂ	ʂ	s	s	s	s	s	s	222:4, 239:4, 643:0	classifier (pair) / doctor / on
233-3	C	3	Ø	tɕ	Ø	k	tɕ	ts	ts	Ø	tɕ	k	tɕ	ts	ts	tɕ	k	124:0, 230:0, 426:3	fat / self / today
253-3	C	3	Ø	w	ŋ	w	ŋ	-	-	Ø	Ø	w	w	w	Ø	Ø	Ø	184:6, 222:6, 444:2	cabbage / moon / on
62-2	C	2	Ø	ɥ	w	-	w	ɥ	w	w	w	Ø	-	Ø	-	w	-	372:1, 625:1	classifier (pillow) / window
125-2	C	2	Ø	w	r	w	w	-	-	Ø	w	w	w	Ø	Ø	Ø	Ø	336:8, 510:5	fingernail / forefinger / knee
128-2	C	2	Ø	ts	ts	-	ts	l	ts	Ø	Ø	j	ts	ts	-	-	Ø	218:3, 302:11	here / humpback / what kind of / where
176-2	C	2	Ø	-	kʰ	-	kʰ	ɕ	kʰ	tɕʰ	kʰ	-	kʰ	kʰ	kʰ	Ø	Ø	336:0, 595:3	doorsills / fingernail / knee
211-2	C	2	Ø	kʰ	kʰ	h	kʰ	Ø	Ø	Ø	kʰ	Ø	kʰ	Ø	kʰ	k	kʰ	302:3, 841:4	head / here / what kind of / where
246-2	C	2	Ø	Ø	x	-	Ø	Ø	Ø	Ø	Ø	ŋ	ɲ	ɦ	k	Ø	Ø	184:0, 714:3	moon / rainbow
247-2	C	2	Ø	ɲ	Ø	n	Ø	Ø	Ø	-	j	Ø	ɲ	Ø	n	Ø	Ø	241:0, 294:3	daughter / here / what / where
248-2	C	2	Ø	x	ɕ	Ø	Ø	Ø	Ø	Ø	Ø	h	f	-	Ø	x	Ø	256:0, 668:0	sweet potato / thunder (verb)
267-1	C	1	Ø	tɕ	tɕ	Ø	pʰ	b	Ø	Ø	pʰ	Ø	tɕ	Ø	tɕ	Ø	Ø	90:0	chicken / wife
268-1	C	1	Ø	p	pʰ	Ø	l	tɕ	Ø	Ø	n	Ø	pʰ	Ø	pʰ	Ø	Ø	90:3	chicken / wife
282-1	C	1	Ø	Ø	p	p	p	j	j	p	Ø	-	p	Ø	j	Ø	l	217:0	boy / father / left hand / wheat
283-1	C	1	Ø	Ø	p	p	p	s	s	p	Ø	p	p	Ø	m	Ø	p	217:3	boy / father / left hand / wheat
293-1	C	1	Ø	m	Ø	m	m	m	m	m	Ø	Ø	m	m	Ø	m	m	260:3	catch a cold
308-1	C	1	Ø	-	-	-	k	k	k	-	k	k	k	-	k	k	-	307:0	classifier (person)
339-1	C	1	Ø	Ø	Ø	p	Ø	Ø	p	Ø	Ø	p	Ø	-	Ø	Ø	Ø	452:0	father / old man
354-1	C	1	Ø	t	t	Ø	Ø	j	ts	t	Ø	Ø	t	-	Ø	t	-	503:0	under
355-1	C	1	Ø	x	ɕ	Ø	Ø	t	ɕ	ɕ	Ø	Ø	k	t	Ø	x	t	503:3	under
378-1	C	1	Ø	Ø	Ø	-	tɕ	Ø	Ø	Ø	k	Ø	-	d	tʰ	Ø	Ø	560:4	knee / leg / under
391-1	C	1	Ø	tɕ	Ø	tsʰ	tsʰ	dz	ʈʂʰ	ʈʂʰ	tsʰ	Ø	tsʰ	Ø	s	k	tsʰ	625:0	classifier (pillow)
393-1	C	1	Ø	n	Ø	ŋ	ŋ	ŋ	-	ŋ	ŋ	Ø	ŋ	Ø	-	j	ŋ̍	625:3	classifier (pillow)
401-1	C	1	Ø	ɥ	w	Ø	w	ɥ	w	w	w	-	-	-	-	Ø	j	643:1	classifier (pair)
415-1	C	1	Ø	ts	ts	Ø	ts	dz	Ø	ts	Ø	tsʰ	Ø	z	tsʰ	ts	Ø	659:0	self
431-1	C	1	Ø	Ø	Ø	-	Ø	Ø	Ø	t	Ø	Ø	Ø	Ø	p	p	Ø	699:4	cold / freeze
448-1	C	1	Ø	tɕʰ	tɕʰ	Ø	Ø	tɕʰ	tsʰ	Ø	tɕʰ	h	tɕʰ	tɕʰ	tɕʰ	Ø	kʰ	747:0	blow
486-1	C	1	Ø	-	Ø	k	Ø	Ø	ʔ	Ø	Ø	Ø	Ø	Ø	Ø	w	-	836:2	forehead / on
487-1	C	1	Ø	t	Ø	tʰ	Ø	Ø	l	Ø	Ø	Ø	Ø	Ø	Ø	tʰ	tʰ	836:4	forehead / on
488-1	C	1	Ø	l	n	-	l	Ø	Ø	Ø	n	Ø	Ø	Ø	j	Ø	-	841:0	head
490-1	C	1	Ø	w	w	w	-	Ø	Ø	Ø	-	Ø	Ø	Ø	-	Ø	w	841:2	head
496-1	C	1	Ø	Ø	s	Ø	Ø	tsʰ	ʈʂʰ	ʂ	ʈʂʰ	tsʰ	ɕ	tsʰ	tɕʰ	Ø	tsʰ	850:3	mouse
183-7	C	7	x	-	x	-	x	h	x	x	x	Ø	-	h	x	x	Ø	129:5, 333:0, 365:5, 371:5, 438:0, 539:3, 712:4	and / become sick / beggar / mouse / sunflower / window
107-2	C	2	x	x	x	Ø	Ø	h	x	x	x	h	h	h	x	x	p	367:4, 664:4	just right / right
251-2	C	2	x	Ø	ts	Ø	w	ɦ	Ø	Ø	w	Ø	Ø	Ø	Ø	v	Ø	500:3, 677:6	boy / daughter / girl / son
44-15	C	15	w	w	w	w	w	j	-	w	w	-	w	-	-	w	w	31:2, 54:2, 73:5, 129:1, 170:1, 179:1, 188:2, 249:6, 302:4, 304:6, 434:2, 532:6, 563:6, 630:5, 836:6	bedbug / daughter / forehead / here / inside / left hand / leg / on / outside / right / stairs / stinky / under / what kind of / where / window
158-10	C	10	w	-	-	k	-	ʔ	ʔ	-	-	k	ʔ	ʔ	-	w	ʔ	95:2, 95:6, 143:2, 144:2, 160:2, 231:2, 389:2, 452:2, 597:2, 624:2	classifier (cow) / classifier (pig) / father / forehead / hail / old man / rain / snow / spoon / wheat
168-5	C	5	w	w	w	m	w	w	w	v	w	Ø	w	ŋ	w	v	w	304:0, 349:0, 601:0, 677:3, 762:0	boy / outside / son / supper
178-4	C	4	w	w	w	-	o	-	-	-	-	w	w	-	Ø	w	ŋ	367:6, 382:2, 650:3, 686:3	beggar / classifier (cow) / classifier (pig) / just right / right
200-4	C	4	w	Ø	w	ŋ	-	w	w	w	w	Ø	Ø	w	Ø	w	Ø	222:2, 232:1, 672:1, 712:5	beggar / blow / classifier (vehicle) / on
22-3	C	3	w	w	w	w	w	j	-	w	w	w	w	-	-	w	w	626:2, 656:6, 848:2	fist / head / thin
30-3	C	3	w	w	w	w	w	-	-	w	w	-	w	-	Ø	w	-	68:5, 224:6, 528:6	left hand / right / right hand
186-3	C	3	w	f	w	f	w	w	w	Ø	Ø	pʰ	f	-	w	w	p	365:6, 371:6, 845:0	beggar / fat / sunflower
78-2	C	2	w	w	w	w	w	w	w	Ø	Ø	w	w	w	w	w	w	365:1, 831:10	sunflower
82-2	C	2	w	ŋ	ŋ	ŋ	ŋ	ŋ	-	v	-	ŋ	ŋ	ŋ	ŋ	-	w	95:0, 291:0	I / forehead
121-2	C	2	w	w	w	w	o	Ø	-	w	w	w	-	-	-	Ø	w	225:7, 408:3	spoon / sun
287-1	C	1	w	w	w	w	w	-	-	w	w	-	-	-	Ø	w	-	224:2	right / right hand
298-1	C	1	w	w	w	Ø	w	ɦ	-	w	w	Ø	-	ɦ	-	w	Ø	300:7	soya sauce
312-1	C	1	w	w	w	w	w	-	-	w	w	-	-	-	-	w	w	311:3	nine
326-1	C	1	w	w	w	w	-	-	Ø	-	-	w	w	-	Ø	w	-	383:2	nurse
439-1	C	1	w	w	w	f	w	Ø	w	w	Ø	Ø	w	w	Ø	w	Ø	734:1	chopsticks
453-1	C	1	w	w	w	w	w	j	Ø	w	w	-	Ø	-	Ø	w	-	763:2	forefinger
459-1	C	1	w	w	-	w	w	j	Ø	w	w	-	Ø	-	Ø	w	j	763:9	forefinger
483-1	C	1	w	ŋ	ŋ	Ø	ŋ	ŋ	-	v	-	Ø	ŋ	Ø	Ø	ɣ	Ø	821:0	we
134-12	C	12	tʰ	t	tʰ	Ø	tʰ	d	tʰ	tʰ	tʰ	-	tʰ	d	tʰ	tʰ	t	496:0, 660:4, 49:3, 73:3, 95:8, 249:4, 304:4, 510:3, 511:3, 563:4, 607:5, 733:4	chimney / classifier (pillow) / forefinger / forehead / noodles / nose / old man / on / outside / today / under
127-5	C	5	tʰ	tʰ	tʰ	tʰ	l	tʰ	tʰ	tʰ	tʰ	Ø	tʰ	Ø	tʰ	tʰ	tʰ	178:0, 640:0, 179:0, 419:3, 759:0	dirty / he / leg / spoon / they
36-4	C	4	tʰ	t	tʰ	tʰ	tʰ	d	tʰ	tʰ	tʰ	tʰ	tʰ	d	tʰ	tʰ	t	157:0, 218:0, 336:6, 650:0	classifier (cow) / fingernail / humpback / knee / sweet
151-4	C	4	tʰ	tʰ	tʰ	tʰ	tʰ	d	tsʰ	tʰ	tʰ	tʰ	tʰ	Ø	Ø	tʰ	tʰ	31:4, 317:0, 686:0, 888:0	and / classifier (pig) / instead of / stairs
26-3	C	3	tʰ	t	tʰ	tʰ	Ø	d	tʰ	tʰ	tʰ	tʰ	tʰ	d	tʰ	Ø	tʰ	225:5, 656:4, 848:0	fist / head / sun
340-1	C	1	tʰ	tʰ	tʰ	tʰ	tʰ	tʰ	tʰ	tʰ	tʰ	Ø	tʰ	tʰ	tʰ	t	tʰ	456:0	sun
398-1	C	1	tʰ	t	tʰ	Ø	tʰ	d	tʰ	tʰ	Ø	Ø	tʰ	ɕ	tʰ	tʰ	tʰ	630:3	inside
457-1	C	1	tʰ	l	ts	tʰ	tʰ	d	Ø	tʰ	tʰ	ts	Ø	d	Ø	tʰ	ts	763:7	forefinger
347-1	C	1	tɕʰ	tsʰ	tɕʰ	tsʰ	tɕʰ	tɕʰ	tɕʰ	tɕʰ	tɕʰ	tsʰ	tɕʰ	tɕʰ	tsʰ	tɕʰ	tsʰ	485:0	seven
411-1	C	1	tɕʰ	tɕ	Ø	kʰ	Ø	dz	tɕʰ	tɕʰ	Ø	kʰ	tɕʰ	dʑ	Ø	Ø	k	656:0	fist
478-1	C	1	tɕʰ	tsʰ	tɕʰ	ts	tɕʰ	Ø	Ø	tɕʰ	tɕʰ	Ø	tɕʰ	tɕʰ	tsʰ	tɕʰ	Ø	816:3	sparrow
254-7	C	7	tɕ	k	tɕ	k	tɕ	tɕ	tɕ	tɕ	tɕʰ	k	k	k	-	tɕ	t	71:4, 184:5, 371:0, 550:4, 556:2, 605:3, 733:0	bedbug / beggar / chicken / husband / in the middle / moon / today
20-3	C	3	tɕ	tɕ	tɕ	k	tɕ	tɕ	tɕ	tɕ	tɕ	k	tɕ	tɕ	tɕ	tɕ	k	311:0, 560:0, 687:0	knee / leg / nine / this year / under
35-2	C	2	tɕ	ts	tɕ	k	tɕ	tɕ	tɕ	tɕ	tɕ	k	tɕ	tɕ	ts	tɕ	k	300:0, 646:0	freeze / soya sauce
133-2	C	2	tɕ	k	tɕ	Ø	tɕ	tɕ	tɕ	tɕ	tɕ	ts	k	tɕ	ts	tɕ	Ø	177:3, 811:5	fingernail / rooster
135-2	C	2	tɕ	k	tɕ	Ø	tɕ	tɕ	tɕ	tɕ	-	k	Ø	k	k	tɕ	Ø	659:3, 712:0	beggar / self
273-1	C	1	tɕ	Ø	tʰ	m	tɕ	ts	ts	tɕ	tɕ	n	Ø	tɕ	m̩	-	-	110:3	chicken / leg / mother / son / sparrow / star
334-1	C	1	tɕ	k	k	k	tɕ	Ø	ts	tɕ	tɕ	k	k	tɕ	k	tɕ	Ø	411:4	rooster
422-1	C	1	tɕ	ts	tɕ	ts	tɕ	dʑ	Ø	tɕ	tɕ	Ø	tɕʰ	Ø	tsʰ	tɕ	Ø	678:4	clean
462-1	C	1	tɕ	k	x	h	k	Ø	tɕ	tɕ	k	Ø	k	Ø	k	tɕ	kʰ	765:0	rainbow
69-5	C	5	tsʰ	tsʰ	tsʰ	tsʰ	tsʰ	tsʰ	tsʰ	tsʰ	tsʰ	tsʰ	tsʰ	tsʰ	tsʰ	tsʰ	tsʰ	126:0, 277:3, 320:3, 444:4, 714:0	cabbage / chimney / rainbow / spinach / thick
87-2	C	2	tsʰ	ts	tsʰ	tsʰ	tsʰ	dz	tsʰ	tsʰ	tsʰ	tsʰ	tsʰ	z	tsʰ	tsʰ	Ø	74:0, 605:0	chicken / from
54-25	C	25	ts	ts	ts	ts	ts	ts	ts	ts	ts	ts	ts	ts	ts	ts	ts	392:0, 641:0, 5:4, 44:0, 68:0, 160:4, 301:3, 305:0, 358:0, 371:9, 372:5, 406:4, 426:0, 438:3, 465:0, 487:3, 510:0, 528:0, 530:0, 540:0, 546:0, 652:3, 734:8, 843:4, 861:0	a while / beggar / breakfast / chopsticks / dirty / forefinger / house / how / in the middle / kitchen / left / left hand / lunch / mouse / neck / nose / right hand / self / spoon / table / wheat / window
261-4	C	4	ts	k	k	s	k	k	k	ts	l	k	k	k	k	ts	Ø	73:0, 95:4, 222:0, 526:4	boy / forehead / on / son
351-1	C	1	ts	Ø	s	Ø	ts	Ø	ts	ʂ	ts	s	Ø	s	Ø	ts	ts	502:3	cook
433-1	C	1	ts	Ø	ts	Ø	Ø	Ø	ts	-	ts	Ø	Ø	Ø	Ø	ts	Ø	712:8	beggar
205-7	C	7	t	t	n	t	l	t	t	t	t	Ø	Ø	t	t	t	-	42:4, 711:3, 305:3, 382:11, 390:0, 550:8, 699:0	and / beggar / breakfast / cold / freeze / husband / man / wife / woman
45-4	C	4	t	t	t	t	t	t	t	t	t	t	t	t	t	t	t	289:0, 406:0, 776:0, 870:0	father / in the middle / short / thunder (verb)
48-4	C	4	t	t	t	t	t	d	ts	t	t	tʰ	tʰ	d	tʰ	t	t	266:0, 550:0, 645:0, 683:0	cook / first / husband / second
145-3	C	3	t	t	t	tʰ	t	d	t	t	t	tʰ	tʰ	d	t	tɕ	Ø	212:3, 466:3, 87:0	there / watery / where
212-2	C	2	t	ɕ	Ø	t	Ø	Ø	ʂ	ʂ	Ø	Ø	ɕ	d	ɕ	s	Ø	668:4, 770:3	flash (verb) / sweet potato
27-6	C	6	s	s	s	s	s	s	s	s	s	s	s	s	s	s	s	136:0, 235:0, 296:0, 3:0, 556:4, 885:3	bedbug / die / four / sour / three
236-7	C	7	r	-	n	Ø	n	-	l	r	-	k	n	ɕ	n	l	Ø	10:6, 181:7, 349:10, 424:7, 44:6, 256:7, 400:0	inside / left / nurse / on / outside / thunder (verb) / under / wife
196-3	C	3	r	n	r	m	n	-	-	ŋ	-	m	n	Ø	Ø	ŋ	n	230:2, 564:6, 759:6	doorsills / spoon / today
243-3	C	3	r	Ø	r	Ø	j	j	Ø	r	Ø	Ø	Ø	-	Ø	r	Ø	49:5, 371:1, 764:2	beggar / here / old man
42-2	C	2	r	-	r	-	-	l	-	r	-	-	-	-	-	r	-	92:1, 607:8	noodles / two
481-1	C	1	r	-	r	k	-	Ø	Ø	r	-	Ø	ʔ	ʔ	ʔ	r	Ø	816:6	sparrow
90-2	C	2	pʰ	p	pʰ	Ø	pʰ	b	Ø	pʰ	Ø	pʰ	pʰ	Ø	pʰ	pʰ	p	408:0, 661:0	cheap / spoon
264-1	C	1	pʰ	pʰ	pʰ	Ø	pʰ	pʰ	pʰ	pʰ	pʰ	Ø	pʰ	pʰ	pʰ	Ø	Ø	19:0	fat
217-13	C	13	p	p	p	p	p	p	p	p	p	pʰ	p	Ø	p	p	pʰ	10:3, 181:4, 349:7, 424:4, 44:3, 61:0, 116:4, 194:0, 231:0, 301:0, 487:0, 539:0, 885:0	and / become sick / bedbug / father / hail / inside / instead of / left / neck / nose / on / outside / salt / under
7-5	C	5	p	p	p	p	p	p	p	p	p	p	p	p	p	p	p	277:0, 383:0, 444:0, 646:5, 702:0	cabbage / eight / freeze / nurse / spinach
142-3	C	3	p	pʰ	p	Ø	p	b	Ø	p	p	Ø	pʰ	b	pʰ	Ø	Ø	193:0, 321:3, 660:0	become sick / hail / nose
113-9	C	9	n	l	n	n	l	n	l	n	n	n	l	n	l	n	l	8:0, 42:0, 89:0, 212:0, 247:0, 498:0, 500:0, 587:0, 677:0	boy / daughter / girl / husband / man / son / take / there / what kind of / where / who
226-8	C	8	n	-	n	n	n	-	-	-	-	n	Ø	-	Ø	r	n	762:2, 762:6, 434:9, 546:6, 211:7, 396:2, 499:6, 607:3	inside / left / noodles / right / supper / sweet potato / under
123-7	C	7	n	n	n	n	n	n	n	-	-	n	n	ŋ	-	ŋ	-	8:5, 468:5, 528:2, 540:2, 564:2, 733:2, 772:2	a while / and / doorsills / husband / man / right hand / today / wife / woman
33-4	C	4	n	n	n	m	n	-	-	-	-	m	n	-	-	-	m	42:2, 87:2, 382:9, 385:3	beggar / husband / man / salty / watery
55-4	C	4	n	ɲ	ɲ	n	l	n	l	ɲ	n	n̩	n̩	ɲ	n	n	l	9:0, 165:0, 170:8, 468:0	daughter / thou / wife / woman / you
66-2	C	2	n	ɲ	ɲ	Ø	l	n	z	ɲ	n	Ø	ɲ	ɲ	Ø	n	l	449:0, 711:0	bedbug / daughter / girl / mother / wife / woman
172-2	C	2	n	l	n	Ø	-	n	l	n	n	Ø	k	Ø	n	n	Ø	302:0, 795:0	here / that / what kind of / where
323-1	C	1	n	Ø	Ø	Ø	Ø	Ø	n	ŋ	Ø	Ø	Ø	Ø	Ø	Ø	j	358:2	how
385-1	C	1	n	x	x	h	x	ɕ	ʂ	x	x	h	h	ɕ	x	x	Ø	600:0	a while / one time / there
390-1	C	1	n	-	n	m	Ø	-	-	-	Ø	m	n	-	Ø	Ø	m	611:2	salt
418-1	C	1	n	-	n	Ø	n	-	Ø	-	Ø	n	n	Ø	-	-	n	661:3	cheap
421-1	C	1	n	n	n	n	n	-	Ø	-	-	Ø	n	Ø	-	-	Ø	678:2	clean
427-1	C	1	n	n	n	m	n	Ø	n	-	-	n	n	ŋ	Ø	ŋ	n	687:2	this year
428-1	C	1	n	ɲ	ɲ	n	l	Ø	l	-	n	ŋ	ɲ	ɲ	Ø	n	n	687:4	this year
84-10	C	10	m	m	m	m	m	m	m	m	m	m	m	m	m	m	b	389:0, 556:0, 265:0, 383:4, 499:3, 564:0, 595:0, 601:3, 607:0, 843:0	bedbug / doorsills / face / inside / noodles / nurse / outside / wheat
271-1	C	1	m	Ø	tʰ	-	m	-	m	m	m	s	Ø	m	tɕ	tɕʰ	k	110:0	chicken / leg / mother / son / sparrow / star
319-1	C	1	m	m	m	m	m	d	Ø	t	m	Ø	m̩	m̩	m̩	m	m	356:0	father / mother / right hand
21-13	C	13	l	l	n	l	l	l	l	l	l	l	l	l	l	l	l	10:0, 31:0, 49:0, 143:0, 144:0, 221:0, 419:0, 499:0, 602:3, 729:0, 797:0, 804:0, 870:3	cold / dirty / face / husband / inside / moon / old man / rain / six / snow / stairs / thunder (verb)
219-4	C	4	l	l	-	Ø	-	l	Ø	ɲ	Ø	l	l	Ø	l	l	Ø	3:3, 247:3, 498:3, 893:0	die / doctor / there / where
230-2	C	2	l	Ø	n	Ø	-	Ø	k	-	l	Ø	l	Ø	k	Ø	Ø	193:4, 539:6	become sick
304-1	C	1	l	l	n	l	l	l	l	l	l	l	l	l	ɕ	l	n	306:2	twenty / two / two ounces
363-1	C	1	l	l	n	l	l	l	l	l	l	l	l	-	-	l	Ø	548:0	father / mother / mouse / old man / sun / wife
396-1	C	1	l	l	n	Ø	-	l	z	l	Ø	Ø	l	l	l	l	l	630:0	inside
77-2	C	2	kʰ	k	kʰ	kʰ	kʰ	g	kʰ	Ø	Ø	kʰ	kʰ	g	kʰ	kʰ	kʰ	365:0, 831:9	sunflower
380-1	C	1	kʰ	kʰ	Ø	h	kʰ	kʰ	kʰ	Ø	kʰ	Ø	k	Ø	Ø	Ø	Ø	564:4	doorsills
438-1	C	1	kʰ	kʰ	kʰ	-	kʰ	Ø	kʰ	kʰ	Ø	Ø	kʰ	kʰ	Ø	kʰ	Ø	734:0	chopsticks
98-12	C	12	k	k	k	k	k	k	k	k	k	k	k	k	k	k	k	170:0, 232:0, 260:0, 392:3, 587:3, 672:0, 678:0, 759:4, 772:0, 795:3, 797:3, 883:3	and / blow / catch a cold / classifier (vehicle) / clean / daughter / how / husband / spoon / that / this / what kind of / who
166-2	C	2	k	k	k	Ø	-	k	k	tɕ	k	k	k	Ø	tɕ	k	k	545:0, 664:0	just right / on purpose
330-1	C	1	k	tɕ	tɕ	k	k	Ø	k	k	k	k	tɕ	k	tɕ	k	Ø	411:0	rooster
164-21	C	21	j	j	j	-	j	j	j	j	j	j	j	j	j	-	-	191:1, 192:1, 10:4, 181:5, 349:8, 424:1, 424:5, 607:1, 607:6, 211:1, 211:5, 44:4, 116:0, 289:1, 305:4, 408:1, 496:1, 499:4, 560:1, 650:1, 723:0	breakfast / classifier (cow) / classifier (pillow) / father / inside / knee / left / leg / noodles / on / on purpose / outside / rain / salt / snow / spoon / under
94-12	C	12	j	j	j	j	j	-	-	-	-	j	j	-	-	j	j	277:5, 456:2, 434:7, 546:4, 256:1, 302:6, 304:2, 349:2, 444:6, 550:5, 686:1, 734:3	cabbage / chopsticks / classifier (pig) / here / husband / left / outside / right / spinach / sun / thunder (verb) / what kind of / where
227-11	C	11	j	j	j	Ø	-	-	-	j	j	-	j	j	j	j	-	170:3, 566:2, 212:4, 466:4, 179:3, 256:8, 434:0, 526:1, 612:0, 759:1, 840:4	boy / daughter / leg / right / salt / son / spoon / supper / there / thunder (verb) / where / who
3-6	C	6	j	j	j	-	j	j	j	j	j	j	j	j	j	j	-	78:1, 300:1, 311:1, 449:1, 602:4, 804:1	bedbug / daughter / face / girl / moon / mother / nine / soya sauce / well smelling
204-6	C	6	j	-	j	-	j	j	j	j	j	j	Ø	j	-	j	j	71:5, 239:1, 382:0, 733:5, 831:1, 840:1	beggar / doctor / in the middle / salt / sunflower / today
4-5	C	5	j	j	j	-	j	j	j	j	j	j	j	-	-	j	-	157:1, 265:1, 601:4, 661:1, 687:5	cheap / face / noodles / outside / sweet / this year
16-2	C	2	j	j	j	j	j	-	-	j	j	Ø	-	-	-	j	Ø	300:5, 365:3	soya sauce / sunflower
39-2	C	2	j	j	j	Ø	j	j	-	j	Ø	Ø	-	-	-	-	Ø	563:1, 870:5	thunder (verb) / under
43-2	C	2	j	j	j	j	j	j	j	j	j	j	j	j	Ø	j	j	224:0, 511:0	chimney / right / right hand
50-2	C	2	j	-	j	Ø	j	j	j	j	j	-	-	-	-	j	Ø	177:4, 659:4	fingernail / self
110-2	C	2	j	j	j	j	j	j	j	j	j	j	j	-	j	Ø	j	320:0, 611:0	chimney / salt
169-2	C	2	j	p	j	-	j	b	j	j	-	Ø	pʰ	b	pʰ	j	p	219:0, 712:1	beggar / classifier (vehicle)
305-1	C	1	j	j	j	-	j	j	j	j	j	j	j	j	-	j	-	306:3	twenty / two / two ounces
324-1	C	1	j	Ø	Ø	Ø	Ø	Ø	j	m	Ø	Ø	Ø	Ø	Ø	Ø	j	358:4	how
328-1	C	1	j	-	-	-	j	j	j	j	j	-	-	-	-	j	j	385:1	salty
343-1	C	1	j	j	j	j	j	j	j	j	j	Ø	-	j	j	j	j	456:4	sun
403-1	C	1	j	Ø	j	-	j	j	-	Ø	j	j	j	j	Ø	Ø	j	646:1	freeze
475-1	C	1	j	m	m	m	m	Ø	Ø	j	m	Ø	m	m	m	m	Ø	816:0	sparrow
479-1	C	1	j	j	ɥ	-	j	Ø	Ø	ɥ	j	Ø	j	j	j	ɥ	Ø	816:4	sparrow
492-1	C	1	j	-	-	Ø	-	ʔ	ʔ	j	-	Ø	ʔ	ʔ	Ø	ʔ	Ø	843:2	wheat
112-11	C	11	f	f	f	f	f	v	f	f	f	f	f	v	f	f	p	5:0, 339:4, 382:7, 465:3, 494:3, 507:3, 532:0, 612:3, 641:3, 645:6, 762:4	beggar / breakfast / cook / house / kitchen / left hand / lunch / supper / wife
97-4	C	4	f	x	f	f	Ø	f	f	f	f	f	f	f	f	f	h	232:4, 273:4, 396:0, 747:3	blow / catch a cold / sweet potato
472-1	C	1	f	Ø	f	Ø	Ø	Ø	Ø	-	Ø	Ø	Ø	Ø	Ø	f	Ø	787:5	lunch
31-12	C	12	-	-	-	t	-	ʔ	ʔ	-	-	t	ʔ	ʔ	ʔ	ʔ	t	266:4, 472:5, 485:2, 584:1, 82:1, 82:5, 184:3, 390:2, 556:6, 646:3, 831:7, 885:5	and / bedbug / dirty / eleven / first / freeze / moon / one / seven / sunflower
170-8	C	8	-	m	m	m	m	m	m	m	m	Ø	m	m	m̩	m	b	9:3, 821:3, 434:6, 546:3, 178:3, 211:4, 400:3, 462:4	left / nurse / right / they / under / we / wife / window / you
174-8	C	8	-	n	n	n	n	n	n	-	-	Ø	n	ŋ	-	ʔ	n	9:5, 821:5, 116:2, 178:5, 462:6, 530:5, 532:2, 642:5	breakfast / husband / left hand / salt / they / we / window / you
14-3	C	3	-	-	-	p	-	ʔ	ʔ	-	-	p	ʔ	ʔ	-	ʔ	p	472:2, 720:2, 660:2	eleven / nose / ten
10-2	C	2	-	-	-	t	-	ʔ	ʔ	-	-	t	ʔ	ʔ	ʔ	ʔ	ʔ	144:7, 702:2	eight / snow
61-2	C	2	-	-	Ø	t	Ø	Ø	ʔ	-	-	t	ʔ	ʔ	-	ŋ	t	225:3, 230:6	sun / today
162-2	C	2	-	p	p	f	p	p	p	-	p	-	-	p	p	Ø	Ø	321:0, 452:4	father / hail / old man
289-1	C	1	-	-	Ø	j	Ø	Ø	-	-	-	ŋ	ɲ	ɲ	n	Ø	l	225:0	sun
321-1	C	1	-	m	-	m	-	s	Ø	t	-	Ø	m	m	m	-	m	356:3	father / mother / right hand
366-1	C	1	-	ɕ	p	pʰ	m	b	tʰ	j	pʰ	pʰ	pʰ	-	-	-	Ø	548:3	father / mother / mouse / old man / sun / wife
451-1	C	1	-	-	-	t	-	ʔ	ʔ	-	-	t	ʔ	ʔ	-	ʔ	ʔ	748:2	hot
