ID	STRUCTURE	FREQUENCY	Gyeonggi	Hwanghae	Jeju	MKorean	NChungcheong	NGyeongsang	NHamgyong	NJeolla	NPyongan	SChungcheong	SGyeongsang	SHamgyong	SJeolla	SPyongan	COGNATESETS	CONCEPTS
48-9	V	9	ɨ	ɨ	ɨ	ɨ	ɨ	ɨ	ɨ	ɨ	ɨ	ɨ	ɨ	ɨ	ɨ	ɨ	126:1, 372:3, 120:1, 120:3, 16:2, 54:3, 111:1, 235:3, 265:1	dust / needle / right / smooth / to eat / to flow / to hear / with
70-3	V	3	ɨ	Ø	u	ɨ	ɨ	ɨ	Ø	ɨ	u	ɨ	ɨ	Ø	ɨ	Ø	26:4, 77:1, 362:2	name / round / that
84-3	V	3	ɨ	Ø	i	-	ɨ	ɨ	Ø	ɨ	Ø	ɨ	ɨ	Ø	ɨ	Ø	42:3, 70:3, 96:4	shy, ashamed / straight / to chew
131-3	V	3	ɨ	Ø	ɔ	ɨ	ə	ə	-	ɔ	ɨ	i	ə	-	ɔ	ɨ	75:1, 173:3, 241:1	big / to stab, pierce / worm (earthworm)
20-2	V	2	ɨ	ə	ɨ	ɨ	u	ɨ	u	ɨ	ə	ɨ	u	u	u	ə	147:4, 157:1	to plant / to scratch
31-2	V	2	ɨ	Ø	ɨ	-	ɨ	ɨ	-	ɨ	Ø	ɨ	ɨ	-	ɨ	Ø	104:3, 110:4	to cut, hack / to eat
82-2	V	2	ɨ	Ø	i	a	i	u	e	i	Ø	i	i	i	i	i	164:3, 350:3	back / breast
86-2	V	2	ɨ	Ø	a	a	Ø	a	a	o	a	Ø	a	a	a	a	213:3, 352:1	many / warm
100-2	V	2	ɨ	Ø	Ø	ə	ɨ	ɨ	Ø	ɨ	Ø	ɨ	ɨ	Ø	i	Ø	191:3, 347:3	man/male / to tie up, fasten
103-2	V	2	ɨ	Ø	ɨ	a	Ø	i	Ø	i	ɨ	ɨ	i	Ø	ɨ	ɨ	238:3, 256:3	dry / woman/female
167-1	V	1	ɨ	ɛ	ø	ɛ	ɛ	Ø	u	ɨ	ɛ	ɛ	i	u	Ø	ɛ	52:1	smoke
192-1	V	1	ɨ	Ø	ɨ	ɨ	ɨ	i	-	Ø	Ø	ɨ	i	-	i	Ø	97:3	to choose
193-1	V	1	ɨ	Ø	ɨ	-	ə	ə	Ø	a	Ø	ə	ə	Ø	ɨ	Ø	98:2	to climb
205-1	V	1	ɨ	ɨ	ɨ	ɨ	u	ɨ	Ø	u	Ø	ɨ	ɨ	Ø	u	Ø	124:3	to grow
207-1	V	1	ɨ	ɨ	ɨ	-	ɨ	ɨ	ɨ	ɨ	ɨ	ɨ	ɨ	ɨ	ɨ	ɨ	126:4	to hear
228-1	V	1	ɨ	Ø	Ø	ɨ	ɨ	ɛ	i	ɨ	Ø	Ø	ɛ	i	ɛ	Ø	154:4	to rub
240-1	V	1	ɨ	Ø	ɨ	ɨ	i	Ø	-	i	Ø	i	Ø	-	u	Ø	170:3	to split
267-1	V	1	ɨ	Ø	e	o	u	ɨ	Ø	e	Ø	Ø	ɨ	Ø	ɨ	Ø	205:3	to yawn
312-1	V	1	ɨ	ɨ	ɨ	a	ɨ	ɨ	ɨ	ɨ	u	ɨ	ɨ	ɨ	ɨ	ɨ	268:1	earth/soil
327-1	V	1	ɨ	Ø	ɨ	ɨ	ɨ	ɨ	Ø	ə	Ø	ɨ	ɨ	Ø	ɨ	ɨ	274:3	fat/grease
348-1	V	1	ɨ	Ø	u	i	Ø	Ø	ɨ	Ø	ɨ	Ø	Ø	ɨ	Ø	ɨ	297:4	animal
350-1	V	1	ɨ	Ø	Ø	ɨ	Ø	Ø	Ø	Ø	Ø	Ø	a	Ø	a	Ø	298:3	full
354-1	V	1	ɨ	Ø	i	u	ɨ	ə	Ø	Ø	Ø	Ø	Ø	Ø	u	Ø	301:3	green
389-1	V	1	ɨ	i	ɨ	u	ɨ	ɨ	Ø	ɨ	i	ɨ	ɨ	Ø	ɨ	Ø	349:1	back
173-1	V	1	ɛː	ɛː	ɛː	a	ɛː	Ø	ɛː	ɛː	Ø	ɛː	Ø	Ø	ɛː	ɛː	57:1	snake
12-8	V	8	ɛ	ɛ	ɛ	ɛ	ɛ	ɛ	ɛ	ɛ	ɛ	ɛ	ɛ	ɛ	ɛ	ɛ	72:1, 88:1, 244:1, 30:3, 36:1, 161:3, 306:1, 373:1	belly / bird / head / new / sand / sun / to sew / year
76-3	V	3	ɛ	ɛ	ɛ	ø	ɛ	ɛ	ɛ	ɛ	ɛ	ɛ	e	ɛ	a	ɛ	21:1, 40:3, 296:4	because / fruit / shoulder
107-3	V	3	ɛ	i	i	ɛ	ɛ	ɛ	a	ɛ	Ø	ɛ	ɛ	a	e	Ø	11:3, 51:1, 346:4	man/male / rat / smell
108-2	V	2	ɛ	Ø	Ø	-	ɛ	a	a	a	Ø	Ø	a	a	ɛ	Ø	184:3, 347:5	child / man/male
110-2	V	2	ɛ	Ø	Ø	a	ɨ	ɛ	a	a	ɛ	ɨ	i	a	ɨ	Ø	53:4, 137:1	smoke / to hunt
147-1	V	1	ɛ	ɛ	Ø	Ø	ɛ	ɛ	ɛ	a	ɛ	ɛ	ɛ	ɛ	ɛ	ɛ	24:1	rope
165-1	V	1	ɛ	Ø	Ø	-	ɛ	ɛ	Ø	Ø	Ø	ɛ	i	Ø	i	Ø	51:4	smell
177-1	V	1	ɛ	u	ɛ	a	Ø	ɛ	ɛ	ɛ	ɛ	Ø	ɛ	ɛ	ɛ	ɛ	65:4	stick/wood
224-1	V	1	ɛ	Ø	ɔ	Ø	ɛ	ɛ	Ø	ɛ	Ø	ɛ	ɛ	Ø	ɛ	Ø	150:1	to pound, beat
235-1	V	1	ɛ	Ø	a	i	ɛ	ɛ	i	ɛ	i	ɛ	ɛ	i	i	i	169:1	to spit
293-1	V	1	ɛ	Ø	Ø	ø	Ø	ɛ	Ø	ɛ	Ø	u	ɛ	Ø	ɛ	Ø	230:4	wing
362-1	V	1	ɛ	ɛ	i	Ø	ɛ	ɛ	ɛ	ɛ	ɛ	ɛ	ɛ	ɛ	ɛ	ɛ	311:1	ash
370-1	V	1	ɛ	Ø	Ø	i	ɛ	e	Ø	o	Ø	ɛ	i	Ø	e	Ø	315:2	how?
11-25	V	25	ə	ə	ə	ə	ə	ə	ə	ə	ə	ə	ə	ə	ə	ə	80:1, 86:1, 212:1, 312:1, 225:1, 339:1, 89:1, 317:1, 191:0, 288:3, 11:1, 25:1, 28:3, 40:0, 42:5, 54:5, 63:1, 174:2, 184:0, 219:1, 235:1, 249:3, 303:1, 347:1, 384:1	Five / bark (of a tree) / child / dirty / hair / here / husband / lightening / man/male / rat / rotten / salt / shoulder / shy, ashamed / smooth / spider / there / thou / thunder / to stand / to tie up, fasten / walk / wet / wide / with
134-4	V	4	ə	Ø	Ø	ə	ə	a	a	Ø	a	ə	u	a	ə	a	39:1, 76:1, 100:1, 307:1	Ten / black / head / short
125-3	V	3	ə	Ø	ə	ə	ə	ə	Ø	ɨ	-	i	ə	Ø	ɨ	Ø	122:0, 186:2, 249:1	dirty / to freeze / to swim
54-2	V	2	ə	Ø	Ø	ə	ə	u	ə	ə	ə	ə	u	ə	ə	ə	222:0, 315:0	how? / where?
79-2	V	2	ə	Ø	ə	ə	ə	ə	Ø	ə	e	ə	u	Ø	u	Ø	110:1, 186:1	to eat / to swim
98-2	V	2	ə	o	Ø	o	u	u	Ø	u	o	-	u	u	u	o	196:2, 264:1	dust / to vomit
120-2	V	2	ə	Ø	i	ə	u	ə	ɨ	Ø	Ø	Ø	ə	ɨ	Ø	Ø	220:3, 273:1	far / what?
161-1	V	1	ə	Ø	ə	a	Ø	ə	Ø	Ø	ɨ	Ø	ə	ɨ	ə	ɨ	47:3	Six
175-1	V	1	ə	ə	e	ə	iː	iː	e	ə	ə	iː	iː	e	e	e	64:1	star
248-1	V	1	ə	Ø	e	ə	ə	ə	ə	ə	ə	Ø	Ø	ə	ə	ə	188:1	to throw
282-1	V	1	ə	Ø	ə	ə	e	Ø	Ø	Ø	e	e	o	Ø	Ø	e	221:0	when?
319-1	V	1	ə	ɨ	a	ɨ	ə	a	ɨ	a	ɨ	ə	a	ɨ	a	ɨ	271:3	Eight
358-1	V	1	ə	Ø	Ø	ə	ɨ	ə	Ø	Ø	Ø	Ø	u	Ø	Ø	Ø	310:3	heavy
360-1	V	1	ə	Ø	Ø	-	-	ə	Ø	Ø	Ø	Ø	ə	Ø	Ø	Ø	310:5	heavy
399-1	V	1	ə	o	ə	ə	ɛ	ə	e	ə	o	ɛ	ə	ə	ə	o	358:0	mother
400-1	V	1	ə	a	e	a	-	a	a	ə	a	-	u	a	ɛ	a	358:2	mother
382-1	V	1	ø	Ø	e	Ø	ø	Ø	ø	ø	Ø	o	Ø	Ø	ø	Ø	336:0	left
402-1	V	1	ø	ø	e	ø	i	i	Ø	ø	e	o	ɛ	ø	e	ø	359:1	mountain
78-2	V	2	Ø	Ø	o	-	o	o	Ø	Ø	Ø	o	o	Ø	o	Ø	292:4, 324:1	foot / in, inside
229-1	V	1	Ø	Ø	Ø	u	i	Ø	Ø	Ø	Ø	Ø	i	Ø	i	Ø	155:1	to rub
256-1	V	1	Ø	Ø	Ø	ɛ	e	Ø	Ø	Ø	Ø	i	e	Ø	Ø	Ø	196:1	to vomit
373-1	V	1	Ø	Ø	o	a	-	e	Ø	Ø	Ø	a	e	Ø	Ø	Ø	324:3	in, inside
392-1	V	1	Ø	Ø	ə	Ø	Ø	Ø	Ø	a	Ø	Ø	ɨ	Ø	-	Ø	352:3	many
9-21	V	21	u	u	u	u	u	u	u	u	u	u	u	u	u	u	61:1, 285:1, 300:1, 165:0, 218:1, 218:3, 22:1, 42:1, 54:1, 127:1, 141:0, 142:1, 185:1, 200:1, 211:1, 227:3, 240:1, 260:1, 272:1, 301:1, 330:1	Two / above / cloud / dull / eye / fire / grass / green / knee / root / shy, ashamed / smooth / snow / to hide / to laugh / to lie down / to swell / to wipe / wife / woods/forest
47-3	V	3	u	u	u	ɨ	u	ə	u	u	Ø	u	u	u	u	u	210:1, 214:1, 220:1	Twenty / water / what?
124-3	V	3	u	i	Ø	o	u	u	u	Ø	u	i	u	u	-	u	21:3, 118:3, 251:1	because / dirty / to fight
33-2	V	2	u	Ø	o	o	o	o	Ø	o	Ø	o	o	Ø	o	Ø	68:1, 89:4	stone / thunder
42-2	V	2	u	Ø	ɛ	u	u	u	i	u	Ø	u	u	i	u	Ø	26:1, 224:1	round / who?
56-2	V	2	u	Ø	u	ɨ	u	u	Ø	u	Ø	u	u	Ø	ə	Ø	210:3, 310:1	Twenty / heavy
163-1	V	1	u	Ø	Ø	a	a	a	Ø	a	Ø	u	a	Ø	u	Ø	49:3	sky
182-1	V	1	u	Ø	o	Ø	ə	o	Ø	ə	Ø	ə	o	Ø	o	o	78:3	thatch/roof
186-1	V	1	u	Ø	-	u	u	u	Ø	ə	Ø	u	u	Ø	ə	Ø	82:1	thick
226-1	V	1	u	Ø	Ø	-	u	u	u	u	Ø	Ø	u	u	u	Ø	154:1	to rub
275-1	V	1	u	u	u	o	u	u	i	u	Ø	u	u	u	u	Ø	208:3	tree
289-1	V	1	u	Ø	Ø	-	u	a	i	Ø	Ø	a	-	i	Ø	Ø	224:3	who?
296-1	V	1	u	u	Ø	i	u	u	i	Ø	u	u	i	i	u	u	232:1	cold
307-1	V	1	u	Ø	a	a	a	Ø	Ø	o	Ø	o	Ø	o	Ø	Ø	261:3	all
365-1	V	1	u	u	u	ɨ	u	u	u	u	u	u	u	u	u	u	313:1	horn
376-1	V	1	u	-	ə	u	u	Ø	ə	ɨ	u	-	Ø	ə	-	-	330:3	knee
424-1	V	1	u	Ø	Ø	i	u	ɛ	u	e	Ø	-	e	u	i	Ø	384:4	bark (of a tree)
8-19	V	19	o	o	o	o	o	o	o	o	o	o	o	o	o	o	73:1, 193:1, 289:1, 304:1, 378:1, 27:1, 27:3, 11:5, 16:0, 28:1, 30:1, 34:3, 98:0, 101:1, 198:1, 204:1, 245:1, 286:1, 299:1	Seven / claw / fish / flower / good / hand / nose / rat / right / salt / sand / tail / to climb / to cook / to turn / to vomit / yellow
91-2	V	2	o	Ø	ɔ	o	o	o	Ø	o	u	o	o	o	u	u	161:1, 261:1	all / to sew
95-2	V	2	o	Ø	Ø	o	o	o	i	o	Ø	o	o	i	a	Ø	163:1, 308:4	heart / to shoot
113-2	V	2	o	Ø	e	a	o	Ø	Ø	o	Ø	o	Ø	Ø	o	Ø	16:5, 71:1	right / straight
158-1	V	1	o	Ø	Ø	i	Ø	Ø	Ø	Ø	Ø	Ø	Ø	Ø	-	Ø	35:6	sharp
191-1	V	1	o	Ø	o	o	o	e	o	Ø	Ø	o	a	o	i	Ø	97:1	to choose
264-1	V	1	o	Ø	o	o	Ø	o	Ø	o	Ø	Ø	ɨ	Ø	o	Ø	204:4	claw
335-1	V	1	o	Ø	ɔ	o	a	o	ø	o	ø	a	o	Ø	o	Ø	282:1	few
337-1	V	1	o	Ø	o	o	ɨ	ɨ	o	ɨ	o	ɨ	ɨ	Ø	ɨ	Ø	282:3	few
396-1	V	1	o	Ø	Ø	o	o	ə	Ø	o	o	o	ə	Ø	o	o	357:1	mosquito
406-1	V	1	o	Ø	o	o	o	a	Ø	o	Ø	o	a	Ø	o	Ø	363:1	narrow
412-1	V	1	o	o	Ø	o	o	o	o	o	o	o	i	o	o	o	371:1	neck
416-1	V	1	o	Ø	Ø	-	u	o	Ø	Ø	Ø	Ø	o	Ø	Ø	Ø	373:3	new
417-1	V	1	o	Ø	ɨ	o	ɨ	ɨ	Ø	ɨ	u	ɨ	ɨ	Ø	ɨ	u	376:2	Nine
1-36	V	36	i	i	i	i	i	i	i	i	i	i	i	i	i	i	73:3, 267:2, 22:5, 277:1, 7:1, 286:3, 10:2, 20:1, 24:4, 34:0, 65:6, 78:1, 96:1, 101:3, 112:1, 124:1, 150:3, 152:4, 153:1, 155:3, 173:1, 183:3, 239:3, 241:5, 257:1, 265:2, 274:1, 284:2, 307:3, 314:1, 334:0, 338:3, 341:1, 344:5, 361:0, 362:0	Fifty / Seven / child / dry / dust / ear / fat/grease / feather / fish / head / house / leaf / leg / long / louse / mouth / name / rain / rat / road / root / rope / stick/wood / tail / thatch/roof / to chew / to cook / to fall / to grow / to pound, beat / to pull / to push / to rub / to stab, pierce / woman/female / worm (earthworm)
29-3	V	3	i	i	Ø	-	i	i	i	i	i	i	i	i	i	i	33:1, 292:8, 371:5	foot / neck / seed
50-2	V	2	i	i	i	a	i	i	Ø	i	a	i	i	i	i	a	55:1, 264:4	below / dust
69-2	V	2	i	Ø	i	ɨ	e	e	Ø	a	Ø	e	i	Ø	i	Ø	98:4, 260:3	dull / to climb
83-2	V	2	i	i	i	i	i	ə	ɛ	Ø	i	i	ə	i	i	i	200:4, 242:1	to wipe / worm (earthworm)
174-1	V	1	i	e	Ø	i	u	u	Ø	u	u	u	u	Ø	u	e	63:3	spider
184-1	V	1	i	i	i	i	-	i	i	i	i	i	i	i	i	i	80:3	there
209-1	V	1	i	i	Ø	-	i	Ø	Ø	i	Ø	Ø	u	Ø	i	Ø	127:4	to hide
217-1	V	1	i	i	i	i	i	i	u	i	i	i	u	u	u	i	147:1	to plant
223-1	V	1	i	i	i	i	i	i	i	i	u	i	u	i	i	i	148:3	branch
234-1	V	1	i	Ø	-	-	-	-	Ø	u	Ø	i	-	Ø	a	Ø	165:2	above
246-1	V	1	i	-	i	i	i	i	-	i	-	i	i	i	i	Ø	187:4	to think
251-1	V	1	i	Ø	i	e	i	i	i	i	i	Ø	Ø	i	i	i	188:4	to throw
255-1	V	1	i	i	i	i	i	i	u	i	i	i	i	i	i	i	193:4	to turn
259-1	V	1	i	Ø	Ø	ɨ	i	i	Ø	i	Ø	i	i	Ø	i	Ø	199:1	to wash
272-1	V	1	i	i	ɨ	i	i	i	i	i	i	i	i	i	i	i	207:0	tooth
284-1	V	1	i	Ø	Ø	i	Ø	e	e	Ø	e	i	e	e	Ø	e	222:3	where?
295-1	V	1	i	Ø	Ø	-	Ø	-	Ø	i	Ø	i	-	Ø	i	Ø	230:6	wing
302-1	V	1	i	i	Ø	i	i	Ø	e	Ø	i	i	Ø	i	Ø	i	242:5	worm (earthworm)
347-1	V	1	i	Ø	u	i	Ø	Ø	ɨ	Ø	ɨ	Ø	Ø	ɨ	Ø	ɨ	297:1	animal
364-1	V	1	i	i	ɨ	ɨ	i	i	i	i	i	i	ɨ	i	i	i	312:3	here
388-1	V	1	i	ɨ	ɨ	i	Ø	Ø	ɨ	i	ɨ	Ø	Ø	i	i	ɨ	342:1	louse
394-1	V	1	i	i	Ø	a	i	i	i	Ø	i	i	Ø	i	Ø	i	353:4	many
398-1	V	1	i	Ø	Ø	i	i	i	Ø	o	u	u	u	Ø	u	u	357:3	mosquito
401-1	V	1	i	i	-	i	i	-	-	i	i	i	-	i	-	i	358:3	mother
66-3	V	3	e	i	e	e	i	e	e	i	e	i	e	e	i	Ø	187:1, 296:1, 308:1	fruit / heart / to think
74-3	V	3	e	e	a	e	e	e	i	Ø	e	i	a	e	ə	e	47:1, 146:1, 242:3	Six / to open, uncover / worm (earthworm)
39-2	V	2	e	Ø	i	e	ə	ɛ	ə	ə	ə	ə	ə	ə	e	ə	87:1, 379:1	Three / old
51-2	V	2	e	iː	Ø	ə	i	i	e	i	e	i	i	e	i	e	102:1, 239:1	to count / woman/female
145-1	V	1	e	Ø	-	-	i	ə	e	i	ə	ə	i	e	ɛ	ə	22:3	root
171-1	V	1	e	Ø	i	a	e	ɛ	Ø	i	Ø	e	ɛ	Ø	e	Ø	55:3	below
172-1	V	1	e	Ø	e	-	Ø	e	Ø	Ø	Ø	Ø	Ø	Ø	e	Ø	56:2	below
211-1	V	1	e	Ø	Ø	ə	ɛ	i	Ø	e	u	e	u	Ø	u	u	131:2	bone
269-1	V	1	e	-	e	-	e	-	e	e	-	ə	-	e	e	-	206:1	tongue
283-1	V	1	e	Ø	e	e	e	Ø	Ø	Ø	e	e	e	Ø	Ø	e	221:3	when?
318-1	V	1	e	a	a	a	e	a	a	a	a	e	a	a	a	a	271:1	Eight
344-1	V	1	e	Ø	e	e	ɛ	ɛ	Ø	Ø	i	ɛ	e	Ø	Ø	Ø	290:3	fog
345-1	V	1	e	ə	Ø	e	ə	ɛ	Ø	ə	ə	ə	e	Ø	e	ə	293:1	Four
385-1	V	1	e	Ø	ø	e	e	e	Ø	ɛ	Ø	e	e	Ø	ɛ	Ø	339:4	lightening
139-1	V	1	aː	aː	aː	a	aː	aː	aː	aː	aː	aː	aː	aː	aː	aː	6:1	person/human being
2-42	V	42	a	a	a	a	a	a	a	a	a	a	a	a	a	a	32:1, 94:1, 148:1, 168:1, 278:1, 372:1, 5:0, 49:1, 19:1, 35:1, 245:3, 344:1, 344:3, 48:1, 57:3, 65:1, 93:1, 104:1, 134:1, 164:1, 167:0, 208:1, 227:1, 229:1, 234:1, 238:1, 247:1, 262:4, 269:1, 279:1, 288:1, 290:0, 292:1, 298:1, 317:3, 327:1, 350:1, 353:1, 355:1, 375:1, 376:0, 380:1	Five / Nine / One / all / and / back / branch / breast / day / egg / fog / foot / full / husband / intestines / louse / many / meat/flesh / needle / night / painful, sick / river / sea / sharp / skin / sky / snake / stick/wood / to burn / to buy / to cut, hack / to hold / to sit / to sleep / tree / wife / wind / with / woman/female / yellow
40-4	V	4	a	a	o	-	a	a	a	a	a	a	a	a	a	a	33:3, 38:1, 292:6, 371:3	foot / neck / seed / short
101-4	V	4	a	ɨ	ɨ	a	a	ɛ	a	Ø	Ø	a	ɛ	a	i	Ø	152:1, 227:5, 229:3, 377:0	no, not / to pull / wife / wind
46-3	V	3	a	Ø	o	ɨ	a	a	Ø	a	Ø	a	a	Ø	ə	Ø	15:1, 15:4, 172:1	red / to squeeze
67-3	V	3	a	ɛ	ɔ	a	a	a	o	a	a	a	a	o	a	a	118:1, 182:1, 338:1	leg / to fight / to suck
121-3	V	3	a	a	a	-	a	a	ə	ə	ɛ	a	a	ə	a	Ø	48:4, 262:1, 346:1	all / man/male / skin
132-3	V	3	a	Ø	Ø	ə	a	Ø	a	a	a	a	a	a	u	a	84:1, 137:4, 234:4	thin / to hunt / with
25-2	V	2	a	a	a	-	a	-	a	a	a	a	-	a	a	a	213:1, 269:5	egg / warm
37-2	V	2	a	a	a	ɨ	a	a	a	a	a	a	a	a	a	a	6:3, 35:4	person/human being / sharp
45-2	V	2	a	Ø	a	a	u	a	Ø	a	Ø	u	a	Ø	a	Ø	205:1, 230:1	to yawn / wing
94-2	V	2	a	Ø	a	o	a	a	Ø	a	Ø	a	a	o	ɨ	Ø	70:1, 306:3	head / straight
105-2	V	2	a	Ø	a	i	Ø	a	Ø	-	Ø	Ø	-	Ø	a	Ø	56:0, 238:5	below / woman/female
154-1	V	1	a	a	-	a	a	a	a	ɛ	a	a	a	a	a	a	32:3	sea
164-1	V	1	a	Ø	o	a	ə	o	Ø	a	Ø	ə	o	Ø	ə	Ø	50:1	small
239-1	V	1	a	Ø	a	a	a	Ø	a	a	Ø	ɛ	Ø	a	a	Ø	170:1	to split
244-1	V	1	a	-	a	a	a	a	-	a	-	a	a	a	a	Ø	187:2	to think
271-1	V	1	a	e	a	ə	a	e	ɨ	a	ɛ	a	ɛ	ɛ	a	e	206:3	tongue
286-1	V	1	a	Ø	a	a	a	a	Ø	a	e	a	u	Ø	u	e	223:1	white
287-1	V	1	a	Ø	a	a	a	a	Ø	a	-	a	ə	Ø	e	-	223:3	white
304-1	V	1	a	ɛ	ɛ	a	a	a	ɛ	ɛ	Ø	a	a	Ø	ɛ	ɛ	254:1	dog
305-1	V	1	a	Ø	ɔ	a	Ø	Ø	Ø	Ø	a	a	Ø	Ø	o	a	256:1	dry
323-1	V	1	a	a	a	-	a	u	Ø	u	Ø	a	a	a	a	Ø	272:4	eye
328-1	V	1	a	Ø	a	a	ɛ	ɛ	a	a	ɛ	ɛ	a	Ø	a	ɛ	276:0	father
330-1	V	1	a	Ø	a	i	i	i	ɛ	i	i	i	ɛ	Ø	i	i	276:2	father
371-1	V	1	a	Ø	Ø	a	Ø	ɛ	Ø	ɛ	Ø	ɛ	ɛ	Ø	Ø	Ø	320:1	I
374-1	V	1	a	Ø	Ø	o	a	a	Ø	o	Ø	a	Ø	Ø	o	Ø	326:0	in, inside
378-1	V	1	a	a	-	-	a	Ø	-	a	ɛ	a	Ø	-	a	a	330:5	knee
407-1	V	1	a	a	Ø	a	ɛ	ɛ	a	a	a	a	a	a	a	a	365:1	near
410-1	V	1	a	a	Ø	a	a	i	a	a	a	a	u	a	a	a	365:4	near
421-1	V	1	a	Ø	Ø	a	ɛ	a	Ø	a	a	a	a	Ø	a	a	380:4	One
118-3	V	3	-	u	Ø	Ø	ə	ə	Ø	ɛ	u	ə	ɛ	u	ə	u	53:1, 251:3, 198:3	dirty / smoke / to vomit
44-2	V	2	-	a	ɛ	-	a	ə	Ø	a	a	a	a	Ø	a	a	183:2, 334:3	child / leaf
68-2	V	2	-	Ø	ɨ	-	-	i	Ø	u	Ø	-	i	Ø	u	Ø	38:3, 355:4	meat/flesh / short
81-2	V	2	-	Ø	Ø	ɨ	ə	-	ɨ	Ø	i	-	-	ɨ	Ø	i	222:2, 265:4	dust / where?
85-2	V	2	-	Ø	-	a	Ø	i	a	a	-	Ø	i	a	a	-	183:0, 213:6	child / warm
102-2	V	2	-	a	a	-	-	Ø	ɨ	Ø	Ø	-	ə	ɨ	ə	Ø	54:7, 346:3	man/male / smooth
127-2	V	2	-	Ø	i	-	Ø	i	Ø	a	a	Ø	a	Ø	ɨ	a	84:3, 238:6	thin / woman/female
130-2	V	2	-	Ø	u	-	Ø	e	u	ɛ	Ø	Ø	i	u	ɛ	Ø	220:5, 241:3	what? / worm (earthworm)
149-1	V	1	-	Ø	-	-	u	u	Ø	Ø	Ø	u	u	Ø	u	Ø	25:3	rotten
170-1	V	1	-	Ø	ə	-	Ø	Ø	Ø	Ø	Ø	Ø	ə	Ø	ə	Ø	54:9	smooth
187-1	V	1	-	Ø	-	-	i	-	i	i	i	i	i	i	-	i	87:2	Three
214-1	V	1	-	Ø	Ø	-	Ø	ə	Ø	u	Ø	u	ə	Ø	u	Ø	134:4	to hold
237-1	V	1	-	Ø	ɨ	a	ɨ	a	a	a	a	a	ɨ	a	a	a	169:3	to spit
260-1	V	1	-	Ø	Ø	-	i	u	Ø	i	Ø	ɨ	u	Ø	-	Ø	199:3	to wash
276-1	V	1	-	ɨ	Ø	-	ɛ	ɛ	Ø	u	u	ɛ	-	ɨ	Ø	u	211:2	Two
291-1	V	1	-	Ø	-	ɨ	i	-	Ø	-	Ø	i	ɨ	Ø	u	Ø	225:3	wide
297-1	V	1	-	ə	Ø	u	ə	ə	ə	Ø	ə	ə	a	ə	a	ə	232:2	cold
311-1	V	1	-	i	i	-	i	i	i	u	i	i	-	i	i	i	267:4	ear
339-1	V	1	-	Ø	Ø	-	ɨ	-	Ø	u	Ø	u	i	Ø	Ø	Ø	284:3	Fifty
346-1	V	1	-	i	Ø	-	i	-	Ø	i	i	i	-	Ø	-	i	293:2	Four
356-1	V	1	-	Ø	Ø	i	-	ɛ	Ø	ə	ə	-	e	Ø	ə	ə	303:3	hair
368-1	V	1	-	Ø	ɛ	-	ɛ	ɛ	Ø	ɛ	Ø	ɛ	ɛ	Ø	Ø	Ø	314:4	house
381-1	V	1	-	i	i	-	u	i	Ø	u	i	i	i	Ø	-	i	334:5	leaf
426-1	V	1	-	Ø	Ø	-	-	i	i	i	Ø	e	i	i	-	Ø	384:6	bark (of a tree)
16-18	C	18	ɾ	ɾ	ɾ	ɾ	ɾ	ɾ	ɾ	ɾ	ɾ	ɾ	ɾ	ɾ	ɾ	ɾ	6:2, 212:2, 98:1, 218:2, 16:1, 42:4, 54:4, 101:2, 120:2, 150:2, 227:4, 229:2, 249:2, 274:2, 279:0, 301:2, 307:2, 344:2	and / cloud / dirty / fat/grease / green / head / louse / person/human being / right / shy, ashamed / smooth / to climb / to cook / to flow / to pound, beat / walk / wife / wind
136-4	C	4	ɾ	Ø	Ø	ɾ	k	k͈	l	Ø	ɾ	k	Ø	l	l	ɾ	71:2, 173:2, 245:2, 344:0	louse / straight / to stab, pierce / yellow
89-3	C	3	ɾ	Ø	ɾ	t	ɾ	ɾ	l	ɾ	Ø	ɾ	ɾ	l	ɾ	Ø	56:1, 70:2, 104:2	below / straight / to cut, hack
23-2	C	2	ɾ	Ø	ɾ	ɾ	ɾ	ɾ	l	ɾ	Ø	ɾ	ɾ	l	ɾ	Ø	97:2, 170:2	to choose / to split
58-2	C	2	ɾ	ɾ	l	ɾ	ɾ	Ø	tɕ͈	Ø	ɾ	ɾ	Ø	ɾ	l	ɾ	242:2, 256:2	dry / worm (earthworm)
126-2	C	2	ɾ	Ø	Ø	-	n	l	-	Ø	Ø	Ø	l	-	m	Ø	35:5, 184:1	child / sharp
144-1	C	1	ɾ	Ø	l	l	ɾ	ɾ	ɾ	ɾ	ɾ	ɾ	ɾ	ɾ	ɾ	ɾ	22:2	root
153-1	C	1	ɾ	g	l	ɾ	k	Ø	-	k	g	-	Ø	g	k	k	30:2	sand
181-1	C	1	ɾ	-	ɾ	ɾ	ɾ	ɾ	ɾ	ɾ	ɾ	ɾ	ɾ	ɾ	ɾ	ɾ	73:2	tail
204-1	C	1	ɾ	l	l	ɾ	g	ɾ	Ø	g	Ø	ɾ	ɾ	Ø	-	Ø	124:2	to grow
245-1	C	1	ɾ	-	ɾ	ɾ	ɾ	ɾ	-	ɾ	-	ɾ	ɾ	ɾ	ɾ	Ø	187:3	to think
375-1	C	1	ɾ	l	ɾ	ɾ	ɾ	Ø	ɾ	ɾ	ɾ	l	Ø	ɾ	l	l	330:2	knee
383-1	C	1	ɾ	ɾ	Ø	ɾ	Ø	ɾ	Ø	Ø	Ø	Ø	ɟ	Ø	Ø	ŋ	338:2	leg
403-1	C	1	ɾ	Ø	ɾ	Ø	t	ɾ	Ø	t	Ø	t	t	Ø	Ø	Ø	362:1	name
415-1	C	1	ɾ	Ø	Ø	-	ɾ	ɾ	Ø	Ø	Ø	Ø	ɾ	Ø	Ø	Ø	373:2	new
73-2	C	2	ɟ	ɟ	Ø	-	Ø	ɟ	Ø	ɟ	d	ɟ	ɟ	ɟ	ɟ	d	264:3, 292:7	dust / foot
222-1	C	1	ɟ	ɟ	ɟ	tɕ	ɟ	tɕ	tɕʰ	ɟ	tɕ	ɟ	tɕ	ɟ	ɟ	tɕ	148:2	branch
299-1	C	1	ɟ	ɟ	Ø	tɕ	ɟ	Ø	ɟ	Ø	ɟ	ɟ	Ø	ɟ	Ø	ɟ	239:2	woman/female
414-1	C	1	ɟ	ɟ	Ø	-	ɟ	ɟ	ɟ	ɟ	ɟ	ɟ	ɾ	ɟ	ɟ	ɟ	371:4	neck
55-10	C	10	ŋ	ŋ	ŋ	ŋ	ŋ	ŋ	ŋ	ŋ	ŋ	ŋ	ŋ	ŋ	ŋ	ŋ	89:5, 317:4, 19:2, 26:2, 78:4, 137:5, 152:2, 279:2, 297:5, 327:2	and / animal / husband / intestines / river / round / thatch/roof / thunder / to hunt / to pull
60-2	C	2	ŋ	ŋ	n	ŋ	ŋ	ŋ	n	n	ŋ	ŋ	ŋ	ɟ	n	ŋ	242:4, 339:2	lightening / worm (earthworm)
109-2	C	2	ŋ	Ø	Ø	l	ŋ	l	Ø	ŋ	ŋ	ŋ	l	Ø	n	Ø	191:1, 234:5	to tie up, fasten / with
146-1	C	1	ŋ	Ø	l	h	ŋ	g	g	ŋ	k	ŋ	ŋ	g	ŋ	k	22:4	root
197-1	C	1	ŋ	Ø	ŋ	-	ŋ	ŋ	Ø	ŋ	Ø	ŋ	ŋ	Ø	ŋ	Ø	110:2	to eat
390-1	C	1	ŋ	n	ŋ	ŋ	ŋ	ŋ	Ø	ŋ	n	ŋ	ŋ	Ø	ŋ	Ø	349:2	back
137-3	C	3	Ø	Ø	h	h	ŋ	n	Ø	n	Ø	ŋ	ŋ	Ø	n	Ø	11:6, 183:1, 344:4	child / louse / rat
138-2	C	2	Ø	Ø	Ø	p	k	b	Ø	Ø	Ø	k	b	Ø	Ø	Ø	71:0, 235:2	straight / with
140-1	C	1	Ø	Ø	Ø	Ø	Ø	Ø	Ø	w	Ø	w	w	Ø	-	Ø	11:4	rat
230-1	C	1	Ø	Ø	Ø	tɕ	p	Ø	Ø	Ø	Ø	Ø	p	Ø	p	Ø	155:2	to rub
300-1	C	1	Ø	Ø	-	Ø	Ø	k͈	Ø	s	Ø	Ø	s	Ø	s	Ø	241:2	worm (earthworm)
301-1	C	1	Ø	Ø	ɾ	Ø	Ø	ŋ	Ø	ŋ	Ø	Ø	ŋ	Ø	ŋ	Ø	241:4	worm (earthworm)
308-1	C	1	Ø	Ø	Ø	Ø	Ø	h	Ø	Ø	tɕ͈	Ø	h	Ø	tɕ͈	Ø	262:3	all
309-1	C	1	Ø	Ø	Ø	l	ɟ	Ø	Ø	Ø	Ø	-	Ø	Ø	Ø	Ø	265:5	dust
372-1	C	1	Ø	Ø	k	-	k	g	Ø	Ø	Ø	k	g	Ø	Ø	Ø	324:2	in, inside
391-1	C	1	Ø	Ø	j	Ø	Ø	Ø	Ø	p͈	Ø	Ø	g	Ø	-	Ø	352:2	many
393-1	C	1	Ø	Ø	ŋ	Ø	Ø	Ø	Ø	k	Ø	Ø	s	Ø	n	Ø	352:4	many
24-2	C	2	w	w	w	w	w	w	w	w	w	w	-	w	w	w	10:1, 267:1	ear / rat
333-1	C	1	w	w	w	w	w	w	w	w	w	w	w	w	w	w	278:0	and
338-1	C	1	w	Ø	Ø	w	w	-	Ø	w	Ø	w	-	Ø	Ø	Ø	284:1	Fifty
77-2	C	2	t͈	Ø	t͈	Ø	t͈	t͈	Ø	t͈	Ø	t͈	t͈	Ø	t͈	Ø	21:0, 150:0	because / to pound, beat
278-1	C	1	t͈	Ø	t	s	Ø	-	t͈	Ø	t͈	Ø	-	t͈	Ø	t͈	213:0	warm
279-1	C	1	t͈	Ø	t	t	Ø	t͈	t͈	Ø	t͈	Ø	t͈	t͈	Ø	t͈	213:2	warm
355-1	C	1	tʰ	Ø	Ø	tʰ	tʰ	tʰ	Ø	tʰ	t	tʰ	tʰ	Ø	tʰ	t	303:0	hair
114-2	C	2	tɕ͈	Ø	p	tɕ͈	tɕ͈	Ø	tɕ	tɕ͈	t	tɕ͈	Ø	tɕ	tɕ͈	t	16:4, 173:0	right / to stab, pierce
159-1	C	1	tɕ͈	Ø	tɕ͈	Ø	tɕ͈	tɕ	Ø	tɕ͈	Ø	tɕ͈	tɕ	Ø	tɕ	Ø	38:0	short
241-1	C	1	tɕ͈	Ø	tɕʰ	Ø	tɕ͈	tɕ͈	Ø	Ø	Ø	Ø	tɕ͈	Ø	Ø	Ø	172:0	to squeeze
65-4	C	4	tɕʰ	tɕʰ	tɕʰ	tɕʰ	tɕʰ	tɕʰ	tɕʰ	tɕʰ	tɕʰ	tɕʰ	tɕʰ	tɕʰ	tɕʰ	tɕʰ	89:0, 232:0, 251:0, 327:0	cold / dirty / intestines / thunder
261-1	C	1	tɕʰ	Ø	tɕʰ	Ø	tɕʰ	dʑ	Ø	Ø	Ø	Ø	tɕʰ	Ø	tɕʰ	Ø	200:3	to wipe
18-9	C	9	tɕ	tɕ	tɕ	tɕ	tɕ	tɕ	tɕ	tɕ	tɕ	tɕ	tɕ	tɕ	tɕ	tɕ	80:0, 168:0, 10:0, 78:0, 134:0, 219:0, 221:2, 297:0, 314:0	animal / house / rat / thatch/roof / there / to hold / to sleep / wet / when?
59-2	C	2	tɕ	tɕ	tɕ	tɕ	tɕ	s͈	t	tɕ͈	t	tɕ	tɕ	tɕ	tɕ	t	50:0, 242:0	small / worm (earthworm)
196-1	C	1	tɕ	Ø	tɕ	Ø	tɕ	tɕ	tɕ	tɕ	Ø	tɕ͈	Ø	tɕ	tɕ	Ø	104:0	to cut, hack
199-1	C	1	tɕ	tɕ	tɕ	t	tɕ	Ø	tɕ	tɕ	tɕ	tɕ	Ø	tɕ	tɕ	tɕ	112:0	to fall
227-1	C	1	tɕ	Ø	Ø	s	tɕ	d	ɟ	ɟ	Ø	Ø	t͈	ɟ	d	Ø	154:3	to rub
250-1	C	1	tɕ	Ø	k͈	dʑ	tɕ	tɕ	ɟ	tɕ	-	Ø	Ø	ɟ	tɕ	d	188:3	to throw
334-1	C	1	tɕ	Ø	h	tɕ	tɕ͈	tɕ͈	t͈	tɕ͈	tɕ	tɕ͈	tɕ͈	Ø	tɕ͈	Ø	282:0	few
352-1	C	1	tɕ	Ø	Ø	dʑ	tɕ	tɕ	-	Ø	-	tɕ	tɕ	Ø	Ø	-	299:0	good
361-1	C	1	tɕ	tɕ	tɕʰ	Ø	tɕ	tɕ	tɕ	tɕ	tɕ	tɕ	tɕ	tɕ	tɕ	tɕ	311:0	ash
405-1	C	1	tɕ	Ø	tɕ	tɕ	tɕ͈	tɕ	Ø	tɕ͈	Ø	tɕ͈	tɕ	Ø	tɕ	Ø	363:0	narrow
14-15	C	15	t	t	t	t	t	t	t	t	t	t	t	t	t	t	126:0, 193:0, 24:2, 65:3, 68:0, 118:0, 188:0, 211:0, 235:0, 249:0, 288:0, 306:0, 338:0, 349:0, 379:2	Five / Two / back / dirty / head / leg / old / rope / stick/wood / stone / to fight / to hear / to throw / to turn / with
111-3	C	3	t	Ø	kʰ	t	t	t	tʰ	Ø	Ø	Ø	t	tʰ	t͈	Ø	93:0, 152:0, 308:3	heart / to burn / to pull
22-2	C	2	t	t	t	t	t	t	t	t	t	t	t	t	d	t͈	219:2, 271:2	Eight / wet
52-2	C	2	t	Ø	t	t	tɕ	-	Ø	t	t	t	t	l	t	t	47:4, 247:2	Six / day
93-2	C	2	t	Ø	k	t	tɕʰ	k͈	k	tɕʰ	Ø	n	k͈	k	k͈	Ø	199:2, 220:4	to wash / what?
96-2	C	2	t	Ø	t	t	t͈	t͈	t͈	t͈	t	t͈	t͈	Ø	t͈	t	26:0, 39:0	round / short
97-2	C	2	t	Ø	tʰ	ɾ	t	t	k	tʰ	l	t	t	Ø	t	l	39:2, 55:2	below / short
115-2	C	2	t	d	Ø	-	t	t	Ø	ɟ	d	t	t	Ø	Ø	d	48:5, 198:0	skin / to vomit
135-2	C	2	t	Ø	s	t	tʰ	Ø	Ø	Ø	Ø	tʰ	Ø	Ø	k	Ø	185:2, 265:0	dust / to swell
156-1	C	1	t	Ø	Ø	s	s	m	t	Ø	t	Ø	t	t	t	Ø	33:4	seed
200-1	C	1	t	Ø	Ø	tʰ	t	t	t	Ø	t	Ø	t	t	Ø	t	118:2	to fight
236-1	C	1	t	Ø	k͈	-	t	t	b	m	-	-	t	-	-	-	169:2	to spit
263-1	C	1	t	Ø	k͈	t	Ø	t	Ø	t	Ø	Ø	t͈	Ø	t	Ø	204:3	claw
281-1	C	1	t	Ø	t	t	Ø	-	-	Ø	t	Ø	-	-	Ø	t	213:5	warm
314-1	C	1	t	t	t	-	t	Ø	t	t	t	t	Ø	t	t	t	269:0	egg
321-1	C	1	t	t	n	n	n	n	Ø	n	Ø	n	n	t	n	Ø	272:2	eye
332-1	C	1	t	Ø	t	t	t	t	t	t	tɕʰ	t	t	t	t	t	277:2	feather
341-1	C	1	t	t	ɟ	t	t	t	t	t	t	t	t	t	t	t	289:2	flower
369-1	C	1	t	Ø	Ø	t	tɕ͈	tɕ͈	Ø	tɕ͈	Ø	tɕ͈	tɕ͈	Ø	k͈	Ø	315:1	how?
408-1	C	1	t	t	Ø	s	t	-	t	t	t	t	-	t	t	t	365:2	near
155-1	C	1	s͈	Ø	Ø	-	s͈	s͈	s͈	Ø	s͈	Ø	s͈	s͈	s͈	Ø	33:0	seed
189-1	C	1	s͈	Ø	Ø	s	s͈	s͈	Ø	s͈	Ø	s͈	s͈	Ø	s͈	Ø	96:0	to chew
232-1	C	1	s͈	Ø	Ø	s͈	s͈	s͈	Ø	s͈	Ø	s͈	s͈	Ø	s͈	Ø	163:0	to shoot
258-1	C	1	s͈	Ø	Ø	s	s	s	Ø	s	Ø	s͈	s	Ø	s	Ø	199:0	to wash
10-27	C	27	s	s	s	s	s	s	s	s	s	s	s	s	s	s	6:0, 88:0, 147:0, 304:0, 48:0, 284:0, 11:0, 11:2, 24:0, 27:0, 47:2, 87:0, 127:0, 137:0, 164:2, 174:0, 204:0, 210:0, 240:0, 288:2, 297:3, 317:0, 346:0, 347:2, 350:0, 355:0, 373:0	Fifty / Five / Six / Three / Twenty / animal / back / bird / breast / claw / hand / husband / man/male / meat/flesh / new / person/human being / rat / rope / salt / skin / to hide / to hunt / to plant / to stand / woods/forest
87-2	C	2	s	Ø	s	-	s	s	Ø	-	Ø	s	-	Ø	s	Ø	51:3, 238:2	smell / woman/female
148-1	C	1	s	Ø	s	s	s͈	s	Ø	Ø	Ø	s͈	s	Ø	s͈	Ø	25:0	rotten
188-1	C	1	s	s	s	s	s	s	s	s	s͈	s	s	s	s	s	94:0	to buy
195-1	C	1	s	Ø	Ø	dʑ	s	s	dʑ	s	Ø	s	s	Ø	s	Ø	102:0	to count
268-1	C	1	s	s	s	h	s	h	s	s	h	s	s	s	s	h	206:0	tongue
15-3	C	3	p͈	p͈	p͈	p	p͈	p͈	p͈	p͈	p͈	p͈	p͈	p͈	p͈	p͈	22:0, 182:0, 313:0	horn / root / to suck
141-1	C	1	p͈	Ø	Ø	p	p͈	p͈	Ø	p͈	Ø	p͈	p	Ø	p	Ø	15:0	red
210-1	C	1	p͈	Ø	Ø	p	p͈	p	Ø	p͈	p͈	p͈	p͈	Ø	p͈	p͈	131:0	bone
353-1	C	1	pʰ	pʰ	pʰ	pʰ	pʰ	pʰ	pʰ	pʰ	pʰ	pʰ	pʰ	pʰ	pʰ	pʰ	300:0	grass
377-1	C	1	pʰ	pʰ	p	p	pʰ	Ø	p	pʰ	pʰ	pʰ	Ø	p	pʰ	pʰ	330:4	knee
5-23	C	23	p	p	p	p	p	p	p	p	p	p	p	p	p	p	32:0, 64:0, 285:0, 372:0, 240:2, 376:3, 7:0, 36:0, 42:0, 54:0, 57:0, 169:0, 185:0, 204:5, 229:0, 239:4, 257:0, 292:0, 301:0, 361:1, 363:2, 375:0, 384:2	Nine / bark (of a tree) / belly / claw / dry / fire / foot / green / mouth / narrow / needle / night / rain / sea / shy, ashamed / smooth / snake / star / to spit / to swell / wind / woman/female / woods/forest
104-2	C	2	p	Ø	p	p	p	w	Ø	Ø	Ø	Ø	b	Ø	b	Ø	42:6, 54:6	shy, ashamed / smooth
117-2	C	2	p	n	Ø	p	-	p	Ø	-	Ø	Ø	-	l	p	Ø	34:4, 251:4	Seven / dirty
122-2	C	2	p	Ø	Ø	-	p	p	Ø	p	Ø	p	p	Ø	Ø	Ø	249:4, 373:4	dirty / new
180-1	C	1	p	Ø	Ø	k	Ø	p	Ø	Ø	Ø	Ø	p	Ø	Ø	Ø	70:0	straight
212-1	C	1	p	Ø	Ø	p	Ø	p	Ø	m	Ø	m	p	Ø	b	Ø	134:2	to hold
216-1	C	1	p	Ø	k	p	n	n	Ø	p	Ø	n	t	Ø	n	n	142:2	to lie down
266-1	C	1	p	Ø	-	p	p	p	Ø	-	Ø	Ø	p	Ø	-	Ø	205:2	to yawn
329-1	C	1	p	Ø	b	p	p	p	p	p	p	p	p	Ø	p	p	276:1	father
359-1	C	1	p	Ø	Ø	p	p	b	Ø	Ø	Ø	Ø	b	Ø	Ø	Ø	310:4	heavy
367-1	C	1	p	Ø	p͈	p	p͈	p͈	Ø	p͈	Ø	p͈	p͈	Ø	Ø	Ø	314:3	house
379-1	C	1	p	p	p	p	p	pʰ	Ø	p	p	p	pʰ	Ø	p	p	334:1	leaf
384-1	C	1	p	Ø	p	p	p	p͈	Ø	p	Ø	p͈	p͈	Ø	p	Ø	339:0	lightening
411-1	C	1	p	p	Ø	p	p	k	p	p	p	p	k	p	p	p	365:5	near
4-32	C	32	n	n	n	n	n	n	n	n	n	n	n	n	n	n	61:0, 61:2, 86:0, 304:2, 372:2, 35:0, 245:0, 16:3, 49:2, 51:0, 89:2, 111:2, 142:0, 150:4, 204:2, 208:0, 221:1, 224:0, 225:0, 227:2, 230:0, 238:4, 247:0, 257:2, 272:0, 284:4, 293:0, 320:0, 346:2, 353:2, 377:1, 380:2	Fifty / Four / I / One / claw / day / dry / eye / hand / man/male / many / needle / no, not / right / sharp / sky / smell / snow / thou / thunder / to eat / to lie down / to pound, beat / tree / when? / who? / wide / wife / wing / woman/female / yellow
6-12	C	12	n	n	n	-	n	n	n	n	n	n	n	n	n	n	94:2, 126:2, 126:3, 168:2, 193:5, 110:3, 182:2, 96:3, 163:2, 112:2, 154:2, 326:1	in, inside / to buy / to chew / to eat / to fall / to hear / to rub / to shoot / to sleep / to suck / to turn
133-3	C	3	n	Ø	t	n	n	n	-	ŋ	n	n	ŋ	-	n	Ø	53:2, 137:2, 167:1	smoke / to hunt / to sit
53-2	C	2	n	n	Ø	p	n	n	Ø	n	ŋ	n	n	n	n	ŋ	96:5, 264:2	dust / to chew
106-2	C	2	n	Ø	n	ɾ	n	Ø	n	-	Ø	-	n	Ø	n	Ø	155:4, 336:1	left / to rub
166-1	C	1	n	n	n	n	n	Ø	n	ŋ	n	n	n	n	Ø	n	52:0	smoke
194-1	C	1	n	Ø	n	-	ŋ	ŋ	Ø	-	Ø	ŋ	-	Ø	n	Ø	98:3	to climb
198-1	C	1	n	Ø	n	k	n	n	Ø	n	Ø	n	n	Ø	n	Ø	110:5	to eat
201-1	C	1	n	Ø	Ø	-	n	n	-	Ø	n	Ø	n	-	Ø	n	118:4	to fight
206-1	C	1	n	n	n	-	-	n	Ø	-	Ø	n	n	Ø	n	Ø	124:4	to grow
208-1	C	1	n	n	n	t	n	n	n	n	n	n	n	n	n	n	126:5	to hear
219-1	C	1	n	-	g	-	g	n	g	n	-	n	g	g	g	-	147:3	to plant
220-1	C	1	n	-	n	-	n	n	-	n	-	n	n	-	n	-	147:5	to plant
242-1	C	1	n	Ø	Ø	Ø	n	ɾ	n	Ø	Ø	Ø	ɾ	n	Ø	Ø	184:2	child
247-1	C	1	n	n	n	-	n	n	n	n	n	n	n	n	-	Ø	187:5	to think
249-1	C	1	n	Ø	-	d	n	n	-	n	d	Ø	Ø	-	n	n	188:2	to throw
252-1	C	1	n	Ø	Ø	k	n	l	Ø	Ø	Ø	n	l	Ø	Ø	Ø	191:2	to tie up, fasten
253-1	C	1	n	Ø	Ø	m	n	n	Ø	Ø	Ø	n	n	Ø	Ø	Ø	191:4	to tie up, fasten
342-1	C	1	n	Ø	n	n	ŋ	ŋ	Ø	Ø	n	ŋ	n	Ø	Ø	Ø	290:1	fog
3-43	C	43	m	m	m	m	m	m	m	m	m	m	m	m	m	m	6:4, 358:1, 110:0, 210:2, 218:4, 164:4, 274:4, 273:0, 310:0, 347:0, 347:4, 296:3, 307:0, 21:2, 27:4, 28:4, 57:4, 63:2, 65:0, 100:2, 127:2, 153:0, 161:2, 186:3, 200:2, 205:4, 214:0, 220:0, 227:0, 229:4, 256:0, 260:0, 261:0, 262:0, 264:0, 282:4, 308:2, 330:0, 353:0, 357:0, 359:0, 371:0, 375:2	Twenty / all / because / black / breast / cloud / dry / dull / dust / far / fat/grease / few / fruit / head / heart / heavy / knee / man/male / many / mosquito / mother / mountain / neck / night / person/human being / salt / snake / spider / stick/wood / to eat / to hide / to push / to sew / to swim / to wipe / to yawn / water / what? / wife / wind
36-5	C	5	m	Ø	m	-	m	m	m	m	Ø	m	m	m	m	Ø	51:2, 55:0, 96:2, 154:0, 292:3	below / foot / smell / to chew / to rub
116-2	C	2	m	Ø	ŋ	m	p	Ø	m	Ø	m	Ø	p	m	p	m	155:0, 297:2	animal / to rub
152-1	C	1	m	m	m	m	m	Ø	m	m	m	m	Ø	m	p	m	30:0	sand
218-1	C	1	m	m	m	m	m	m	m	m	m	m	-	m	m	m	147:2	to plant
274-1	C	1	m	m	m	m	m	m	g	m	Ø	m	m	m	m	Ø	208:2	tree
294-1	C	1	m	Ø	Ø	-	Ø	-	Ø	tɕ͈	Ø	m	-	Ø	tɕ͈	Ø	230:5	wing
404-1	C	1	m	Ø	m	Ø	l	m	Ø	l	Ø	l	l	Ø	Ø	Ø	362:3	name
7-19	C	19	l	l	l	l	l	l	l	l	l	l	l	l	l	l	193:2, 285:2, 300:2, 313:2, 372:4, 15:2, 49:4, 20:2, 34:1, 35:2, 48:2, 76:2, 146:2, 210:4, 214:2, 269:6, 292:2, 341:2, 355:2	Seven / Ten / Twenty / egg / fire / foot / grass / horn / long / meat/flesh / needle / red / road / sharp / skin / sky / to open, uncover / to turn / water
30-2	C	2	l	Ø	ɾ	ɾ	l	ɾ	Ø	ɾ	ɾ	l	ɾ	Ø	ɾ	ɾ	38:2, 303:2	hair / short
61-2	C	2	l	Ø	ŋ	l	l	ɾ	Ø	l	Ø	l	ɾ	l	l	Ø	230:2, 306:4	head / wing
72-2	C	2	l	Ø	-	l	k	k	Ø	p	l	k	-	Ø	p	l	82:2, 84:4	thick / thin
90-2	C	2	l	Ø	Ø	l	-	l	ɾ	l	Ø	l	l	Ø	l	Ø	5:1, 296:2	fruit / painful, sick
99-2	C	2	l	Ø	Ø	l	n	n	Ø	Ø	Ø	Ø	n	Ø	k	Ø	153:2, 235:4	to push / with
151-1	C	1	l	Ø	ɾ	l	l	ɾ	Ø	l	Ø	ɾ	l	Ø	ɾ	Ø	26:5	round
176-1	C	1	l	l	l	l	l	l	ɾ	l	l	l	l	l	l	l	64:2	star
202-1	C	1	l	Ø	l	-	l	l	Ø	Ø	Ø	Ø	-	Ø	-	Ø	122:1	to freeze
254-1	C	1	l	l	l	l	l	l	g	l	l	l	l	l	l	l	193:3	to turn
277-1	C	1	l	l	Ø	l	-	-	Ø	l	l	-	-	l	Ø	l	211:3	Two
290-1	C	1	l	Ø	p	ɾ	l	p	Ø	l	Ø	l	ɾ	Ø	ɾ	Ø	225:2	wide
315-1	C	1	l	l	l	-	l	Ø	l	l	l	l	Ø	l	l	l	269:2	egg
320-1	C	1	l	l	l	p	l	l	p	l	l	l	l	l	k	l	271:4	Eight
324-1	C	1	l	l	ɾ	-	l	m	Ø	m	Ø	l	ɾ	l	l	Ø	272:5	eye
325-1	C	1	l	Ø	Ø	l	l	-	Ø	Ø	Ø	Ø	ɾ	Ø	Ø	Ø	273:2	far
425-1	C	1	l	Ø	Ø	l	l	g	ɾ	g	Ø	-	g	ɾ	l	Ø	384:5	bark (of a tree)
21-2	C	2	k͈	k͈	k͈	k	k͈	k͈	k͈	k͈	k͈	k͈	k͈	k͈	k͈	k͈	161:0, 289:0	flower / to sew
27-2	C	2	k͈	k͈	tɕʰ	k	k͈	k͈	k͈	k͈	k͈	k͈	k͈	k͈	tɕʰ	k͈	42:2, 73:0	shy, ashamed / tail
129-2	C	2	k͈	Ø	Ø	k	dʑ	kʰ	Ø	dʑ	-	dʑ	k͈	Ø	k͈	Ø	100:0, 234:3	black / with
422-1	C	1	k͈	Ø	Ø	k	k͈	k	k͈	k͈	Ø	k͈	k͈	k͈	k͈	Ø	384:0	bark (of a tree)
418-1	C	1	kʰ	kʰ	kʰ	kʰ	kʰ	kʰ	kʰ	kʰ	kʰ	kʰ	kʰ	kʰ	kʰ	kʰ	378:0	nose
26-7	C	7	k	ŋ	k	k	k	k	k	k	k	k	k	k	k	k	25:2, 65:2, 157:0, 164:0, 170:0, 218:0, 238:0	breast / cloud / rotten / stick/wood / to scratch / to split / woman/female
35-7	C	7	k	k	n	k	k	k	k	k	k	k	k	k	k	k	16:6, 24:3, 34:2, 63:0, 77:0, 196:0, 365:0	Seven / near / right / rope / spider / that / to vomit
13-2	C	2	k	k	k	k	k	k	k	k	k	k	k	k	k	k	212:0, 286:0	fish / walk
28-2	C	2	k	k	k	k	k	k	k	k	k	k	g	k	k	k	267:0, 310:2	ear / heavy
32-2	C	2	k	k	-	-	k	Ø	-	k	g	k	k͈	-	k	k	127:3, 330:6	knee / to hide
49-2	C	2	k	k	k	k	k	k	k	k	k	k	k	k	k͈	k	19:0, 40:2	river / shoulder
64-2	C	2	k	Ø	k	k	k	k	Ø	k	Ø	k	k͈	Ø	k	Ø	50:2, 298:0	full / small
112-2	C	2	k	Ø	Ø	k	k	k	Ø	Ø	l	tɕ͈	k	Ø	l	Ø	75:0, 262:2	all / big
143-1	C	1	k	k	tɕ	k	tɕ	k	Ø	tɕ	k	k	tɕ	tɕ	tɕ	k	20:0	road
157-1	C	1	k	Ø	Ø	n	Ø	Ø	Ø	Ø	Ø	Ø	Ø	Ø	k	Ø	35:3	sharp
160-1	C	1	k	k	k	-	k	k	k	k	k	k	k	k	Ø	k	40:1	shoulder
162-1	C	1	k	Ø	Ø	-	k	k	Ø	k͈	Ø	k	k͈	Ø	Ø	Ø	48:3	skin
179-1	C	1	k	Ø	k	l	l	l	Ø	k	Ø	l	l	Ø	k	Ø	68:2	stone
185-1	C	1	k	Ø	k	k	k	k	Ø	g	Ø	k	kʰ	Ø	g	Ø	82:0	thick
190-1	C	1	k	Ø	k	k	k	k	k	Ø	Ø	k	k	k	tɕʰ	Ø	97:0	to choose
203-1	C	1	k	k	tɕ	k	tɕ	k	Ø	tɕ	Ø	k	k	Ø	kʰ	Ø	124:0	to grow
221-1	C	1	k	k	k	k	k	k	-	k	-	k	k	kʰ	k	-	148:0	branch
231-1	C	1	k	Ø	k	l	Ø	k	Ø	k	Ø	k	Ø	Ø	k	Ø	157:2	to scratch
292-1	C	1	k	Ø	Ø	g	Ø	-	Ø	k	Ø	k	-	Ø	k	Ø	230:3	wing
303-1	C	1	k	k	k	k	k	k͈	k	k	Ø	k	k͈	Ø	k	k	254:0	dog
313-1	C	1	k	k	k	k	k	-	g	k	k	k	-	g	k	k	268:2	earth/soil
322-1	C	1	k	k	k͈	-	k͈	g	Ø	g	Ø	k͈	k͈	k	k͈	Ø	272:3	eye
326-1	C	1	k	Ø	tɕ	k	tɕ	k	Ø	tɕ	Ø	tɕ	tɕ	Ø	tɕ	tɕ	274:0	fat/grease
331-1	C	1	k	Ø	tɕ	tɕ	tɕ	tɕ	tɕ	tɕ	tɕ	tɕ	tɕ	tɕ	tɕ	tɕ	277:0	feather
351-1	C	1	k	Ø	Ø	k	Ø	Ø	Ø	Ø	Ø	Ø	t	Ø	t	Ø	298:4	full
386-1	C	1	k	Ø	tɕ	k	tɕ	tɕ	Ø	tɕ	Ø	tɕ	tɕ	tɕ	tɕ	Ø	341:0	long
409-1	C	1	k	tɕʰ	Ø	k	k	ɟ	tɕʰ	tɕʰ	tɕ	tɕʰ	ɟ	tɕ	k	tɕʰ	365:3	near
363-1	C	1	j	j	j	j	j	j	j	j	j	j	j	j	j	j	312:0	here
17-13	C	13	h	h	h	h	h	h	h	h	h	h	h	h	h	h	72:0, 244:0, 268:0, 28:0, 49:0, 120:0, 186:0, 200:0, 234:0, 352:0, 353:3, 376:1, 380:0	Nine / One / earth/soil / many / salt / sky / sun / to flow / to swim / to wipe / with / year
243-1	C	1	h	s	h	h	s	s	s	s	h	s	s	h	s	Ø	187:0	to think
265-1	C	1	h	Ø	h	h	k	h	Ø	h	Ø	Ø	h	Ø	h	Ø	205:0	to yawn
285-1	C	1	h	Ø	h	h	h	h	Ø	h	s͈	h	h	Ø	h	s͈	223:0	white
19-4	C	4	g	g	g	g	g	g	g	g	g	g	g	g	g	g	26:3, 339:3, 306:2, 312:2	head / here / lightening / round
92-2	C	2	g	g	g	k	k	Ø	Ø	g	g	-	g	Ø	g	g	27:2, 265:3	dust / salt
142-1	C	1	g	Ø	Ø	k	g	g	Ø	k	Ø	g	g	Ø	k	Ø	15:3	red
178-1	C	1	g	k͈	g	h	Ø	g	g	g	g	Ø	g	g	g	g	65:5	stick/wood
183-1	C	1	g	g	g	g	tɕ	g	g	g	g	g	g	g	g	g	80:2	there
225-1	C	1	g	Ø	Ø	k	Ø	-	Ø	Ø	Ø	Ø	-	Ø	g	Ø	152:3	to pull
288-1	C	1	g	Ø	Ø	-	g	g	k	Ø	Ø	g	-	k	Ø	Ø	224:2	who?
316-1	C	1	g	g	g	-	g	Ø	g	g	g	g	Ø	g	g	g	269:3	egg
336-1	C	1	g	Ø	k	g	k͈	k͈	k͈	k	k	k͈	k͈	Ø	k͈	Ø	282:2	few
340-1	C	1	g	g	g	k	g	g	g	g	Ø	g	g	Ø	g	g	286:2	fish
343-1	C	1	g	Ø	g	g	k	k	Ø	Ø	g	k	g	Ø	Ø	Ø	290:2	fog
397-1	C	1	g	Ø	Ø	g	g	k	Ø	k	g	g	g	Ø	g	g	357:2	mosquito
413-1	C	1	g	g	Ø	k	g	g	g	g	g	g	k	g	g	g	371:2	neck
41-10	C	10	dʑ	dʑ	dʑ	dʑ	dʑ	dʑ	dʑ	dʑ	dʑ	dʑ	dʑ	dʑ	dʑ	dʑ	28:2, 47:0, 57:2, 76:0, 84:0, 101:0, 146:0, 271:0, 296:0, 308:0	Eight / Six / Ten / fruit / heart / salt / snake / thin / to cook / to open, uncover
62-2	C	2	dʑ	Ø	dʑ	dʑ	dʑ	dʑ	dʑ	dʑ	-	dʑ	dʑ	dʑ	dʑ	-	137:3, 223:2	to hunt / white
298-1	C	1	dʑ	k	Ø	dʑ	tɕ	Ø	tɕ	Ø	k	tɕ	Ø	k	Ø	dʑ	239:0	woman/female
317-1	C	1	dʑ	dʑ	dʑ	-	dʑ	Ø	dʑ	dʑ	dʑ	dʑ	Ø	dʑ	dʑ	dʑ	269:4	egg
419-1	C	1	dʑ	Ø	Ø	dʑ	Ø	Ø	Ø	Ø	n	Ø	Ø	Ø	Ø	n	379:0	old
38-2	C	2	d	d	t	d	d	d	d	t	d	d	d	d	d	d	32:2, 350:2	back / sea
80-2	C	2	d	Ø	k͈	d	Ø	t	d	Ø	d	d	t	d	Ø	d	222:1, 260:2	dull / where?
88-2	C	2	d	Ø	d	d	d	d	Ø	d	Ø	d	d	Ø	d	Ø	54:2, 89:3	smooth / thunder
270-1	C	1	d	-	d	dʑ	d	-	t͈	d	-	d	-	t͈	d	-	206:2	tongue
306-1	C	1	d	Ø	d	t	t	Ø	Ø	d	Ø	d	Ø	d	Ø	Ø	261:2	all
349-1	C	1	d	Ø	Ø	d	Ø	Ø	Ø	Ø	Ø	Ø	tɕʰ	Ø	tɕʰ	Ø	298:2	full
34-2	C	2	b	Ø	b	Ø	b	b	Ø	b	Ø	b	b	Ø	b	b	78:2, 317:2	husband / thatch/roof
43-5	C	5	-	Ø	n	-	n	n	-	n	n	n	n	-	n	n	97:4, 104:4, 120:4, 154:5, 256:4	dry / to choose / to cut, hack / to flow / to rub
123-4	C	4	-	Ø	s	-	s	s	s	Ø	dʑ	s	s	s	s	dʑ	54:8, 84:2, 220:2, 324:0	in, inside / smooth / thin / what?
119-3	C	3	-	k͈	Ø	dʑ	-	ɟ	dʑ	-	g	-	g	k	g	g	131:1, 174:1, 251:2	bone / dirty / to stand
57-2	C	2	-	s	s	-	s	-	s͈	s	s	s	-	s͈	s	s	111:0, 334:2	leaf / to eat
63-2	C	2	-	Ø	-	-	n	n	Ø	Ø	Ø	Ø	n	Ø	n	Ø	122:2, 172:2	to freeze / to squeeze
71-2	C	2	-	Ø	k	-	k	k	k	k͈	k	Ø	k	k	k	Ø	33:2, 241:0	seed / worm (earthworm)
75-2	C	2	-	Ø	Ø	-	g	g	Ø	g	Ø	g	g	Ø	g	Ø	53:3, 292:5	foot / smoke
128-2	C	2	-	Ø	Ø	-	n	Ø	Ø	n	n	n	k	Ø	ŋ	n	84:5, 234:2	thin / with
150-1	C	1	-	Ø	-	-	s	n	Ø	Ø	Ø	s	n	Ø	n	Ø	25:4	rotten
168-1	C	1	-	Ø	Ø	Ø	dʑ	dʑ	Ø	n	Ø	dʑ	n	Ø	dʑ	Ø	53:0	smoke
169-1	C	1	-	Ø	Ø	Ø	j	-	Ø	l	Ø	j	-	Ø	j	Ø	53:5	smoke
213-1	C	1	-	Ø	Ø	-	Ø	s	Ø	k	Ø	k	s	Ø	-	Ø	134:3	to hold
215-1	C	1	-	Ø	Ø	t	n	n	Ø	Ø	Ø	Ø	-	Ø	-	Ø	141:1	to laugh
233-1	C	1	-	Ø	-	-	-	-	Ø	g	Ø	-	-	Ø	tɕ	Ø	165:1	above
238-1	C	1	-	Ø	-	t	n	s	t	t	t	t	n	t	t	t	169:4	to spit
257-1	C	1	-	ɾ	Ø	Ø	Ø	Ø	Ø	Ø	k͈	Ø	Ø	Ø	Ø	k͈	198:2	to vomit
262-1	C	1	-	Ø	n	Ø	n	s	Ø	Ø	Ø	Ø	s	Ø	n	Ø	200:5	to wipe
273-1	C	1	-	-	l	-	-	-	-	ɟ	-	-	d	-	l	-	207:1	tooth
280-1	C	1	-	Ø	-	s	Ø	s	s	Ø	-	Ø	s	s	Ø	-	213:4	warm
310-1	C	1	-	t	t	-	t͈	k͈	t͈	g	t͈	t͈	-	t͈	t͈	t͈	267:3	ear
357-1	C	1	-	Ø	Ø	-	-	g	Ø	k	g	-	g	Ø	k	g	303:4	hair
366-1	C	1	-	Ø	p	-	p	p	Ø	p	Ø	p	p	Ø	Ø	Ø	314:2	house
380-1	C	1	-	g	ŋ	-	g	ɾ	Ø	g	g	g	ɾ	Ø	k	g	334:4	leaf
387-1	C	1	-	n	n	n	Ø	Ø	n	-	n	Ø	Ø	-	-	n	342:0	louse
395-1	C	1	-	Ø	Ø	-	Ø	k͈	Ø	Ø	Ø	Ø	k	Ø	g	Ø	355:3	meat/flesh
420-1	C	1	-	Ø	Ø	-	k	n	Ø	n	n	n	n	Ø	n	n	380:3	One
423-1	C	1	-	Ø	Ø	t	-	t͈	tɕ	t	Ø	t	t	tɕ	tɕ	Ø	384:3	bark (of a tree)
